1,321516.27,2,5,1156,1
0,74071.27,7,5,2263,0
0,213851.3,2,0,925,1
0,302999.27,36,1,2962,5
0,212662.31,29,4,1169,6
1,380609.65,11,5,1761,2
0,81962.35,49,2,448,0
0,52874.61,55,2,2502,2
0,366217.23,35,0,1580,0
0,150123.25,41,4,1511,4
1,353763.06,3,5,963,6
0,492684.65,55,1,443,3
0,229438.1,54,2,696,2
0,108705.98,18,5,2829,5
1,306519.85,11,4,1032,1
0,192830.44,60,5,2848,4
0,343884.05,54,0,968,6
0,403497.67,26,2,301,1
0,438801.98,21,1,2714,3
1,442918.16,42,3,615,2
0,127080.62,36,4,1106,5
0,217074.74,38,3,1512,1
0,257215.52,6,0,479,1
1,397079.29,28,4,290,3
0,299964.77,30,4,1059,4
1,341740.29,8,5,2229,6
0,385456.37,22,0,1232,3
0,229593.23,47,5,1108,4
0,256302.43,7,5,1252,6
0,306440.25,10,2,691,4
1,459654.28,39,2,2031,0
1,464903.82,57,2,1010,0
0,439614.75,6,0,2020,6
0,489102.32,35,1,555,5
0,473690.1,11,2,2191,6
0,214453.28,14,4,2855,1
0,202501.19,43,5,1559,3
0,228485.64,16,1,292,2
1,296212.82,15,4,932,0
1,355381.27,4,1,306,0
0,40074.39,16,2,2770,3
0,271920.8,47,4,2390,3
1,393386.62,52,3,809,0
1,331196.46,23,3,1713,3
0,338315.45,42,0,278,3
0,401293.29,7,1,814,1
0,227063.71,28,1,1170,3
1,437870.55,5,3,2284,0
0,327811.72,35,0,412,6
0,87324.0,32,3,905,6
1,451709.22,11,3,38,3
0,463626.45,51,3,1198,3
0,332626.3,32,1,807,2
1,484511.14,38,5,2250,0
0,33296.81,38,3,2089,6
0,82929.2,33,0,791,0
0,38640.63,56,1,1683,0
0,126876.6,39,0,2566,0
1,330399.72,37,4,1325,2
0,336514.36,21,1,1117,3
1,337486.66,20,3,1325,6
0,9611.15,40,4,439,0
0,110511.38,17,1,1459,0
0,187915.91,11,3,2255,5
1,307780.49,52,5,2196,0
0,153192.48,43,0,580,2
1,445407.79,48,4,666,2
0,304390.76,46,2,863,5
0,255177.48,17,0,408,5
0,415527.3,3,0,1396,6
0,320371.12,17,1,1839,4
0,282648.9,8,0,2860,1
0,22833.93,24,4,2293,1
0,68085.53,20,2,193,2
0,342623.01,43,0,1478,6
1,442646.68,27,4,663,1
1,488221.99,52,1,1718,0
1,369599.41,22,3,2773,6
0,137068.83,51,5,472,3
0,430003.66,15,1,1915,2
1,411165.51,56,1,943,0
0,202240.66,18,0,1173,2
1,202840.8,54,4,1386,0
0,439134.01,17,1,2408,2
0,58659.26,28,2,1314,3
1,492196.75,8,3,2391,1
0,26971.33,28,0,2159,6
1,344994.29,48,5,2776,1
0,218492.21,43,2,2582,2
1,361278.36,20,4,1296,5
0,166460.54,45,2,2300,1
0,213120.94,25,5,742,4
0,153970.19,36,0,1274,2
0,217794.63,38,4,2711,2
0,223684.08,44,1,2123,3
0,331131.12,19,4,2749,5
0,170918.19,53,1,2785,2
0,404248.63,10,0,219,1
0,307580.62,50,0,1895,3
0,101245.44,45,3,2054,3
0,78047.82,45,0,466,6
0,113326.36,52,5,2151,3
0,280915.87,59,0,1899,1
1,335450.98,36,4,1329,6
0,308262.9,47,4,1777,6
0,225727.24,11,5,1974,3
0,377129.51,54,5,1165,6
0,244875.52,16,2,1831,0
0,121074.32,22,2,2242,0
0,79661.18,25,5,655,5
0,36793.28,27,2,2252,3
0,35821.53,54,3,1625,6
1,473300.71,2,4,1588,3
0,471657.12,20,3,1746,4
0,400934.74,58,1,2029,1
1,220738.81,2,3,1406,5
0,363469.78,54,3,552,4
0,18348.39,26,4,2341,5
0,46553.99,28,1,1921,1
0,133777.38,21,1,1892,2
0,381808.71,25,2,1756,2
0,237801.88,48,4,243,2
1,326821.33,50,5,194,6
0,475057.81,13,0,2574,1
0,67479.38,43,0,2340,1
0,351235.16,50,2,717,4
0,482048.7,46,0,700,2
0,291448.94,60,2,2388,5
0,201343.95,46,1,341,4
0,55441.15,50,2,2832,4
0,399132.47,37,0,1452,4
1,332453.06,5,4,2682,2
1,425539.94,53,3,462,3
1,319614.63,54,3,2927,1
0,92187.8,34,5,1136,4
1,388447.52,30,3,2456,2
0,426598.01,54,0,1172,3
1,376485.76,37,4,2766,3
0,19206.5,55,2,774,3
0,180638.36,17,2,1175,4
0,280116.56,34,1,380,1
0,246846.03,49,1,2858,3
0,226846.4,2,0,1235,1
1,347434.64,20,5,2412,2
0,278969.11,23,3,2284,2
0,352913.2,18,2,1059,1
0,362035.74,21,0,2224,6
0,99812.78,48,3,1162,5
1,488420.48,34,4,1189,0
0,151642.0,24,1,1268,0
0,67658.57,3,0,2296,2
1,320745.48,49,3,450,6
0,289161.79,31,3,1834,2
1,482921.33,17,3,497,6
0,203350.18,5,4,2608,5
1,80104.87,52,4,1274,0
0,63633.52,49,3,2513,4
0,116715.13,34,3,1875,3
0,430782.5,28,2,2359,4
0,306767.3,48,0,881,5
0,135999.83,6,1,1012,1
0,42157.11,1,3,1875,5
0,237606.68,3,1,1210,5
0,352978.84,30,0,2845,1
1,394974.87,41,4,2738,6
0,215443.79,35,1,2682,1
0,414182.42,5,0,709,6
0,299546.8,53,4,1212,3
0,237005.5,20,5,1678,2
0,272290.87,29,0,2479,0
1,368594.29,39,2,135,0
1,481146.0,54,4,2434,0
0,290242.26,49,1,1957,4
1,458456.03,12,4,1815,5
0,484682.34,31,2,1702,2
0,336716.09,55,1,1380,3
0,147667.81,26,4,180,3
0,160685.99,21,0,1685,6
1,413338.97,1,5,2252,3
0,31831.02,34,2,2580,6
0,314577.33,49,0,863,2
0,69851.55,19,3,2890,3
0,19290.37,41,4,1010,5
1,158821.32,1,4,1701,0
1,496167.28,59,0,1920,0
0,251695.87,46,2,2114,5
0,210667.72,31,3,1028,3
0,76597.77,13,4,2111,5
0,432693.33,18,3,1422,6
0,137250.47,1,2,1252,6
0,292062.08,43,3,638,3
0,244748.99,22,4,2255,3
0,466761.87,56,1,2886,1
0,194570.57,55,3,208,2
1,354087.8,52,3,1611,5
0,250187.68,3,1,2087,4
1,435501.66,56,3,438,4
0,12597.06,10,3,2711,1
0,237397.85,17,2,2582,5
0,326669.14,55,2,2792,6
0,193104.65,21,5,2973,6
1,436829.59,3,4,310,1
1,498725.83,48,0,1807,0
0,224620.88,45,2,148,0
0,399091.02,19,2,1565,3
0,125877.73,27,4,2822,6
0,89141.91,6,4,1596,4
0,251345.29,38,1,981,3
0,232487.4,43,0,1935,2
0,83197.93,29,2,2436,2
0,346705.19,30,2,845,3
0,57793.37,25,4,1500,4
0,496382.56,19,0,2726,3
0,9008.49,56,5,230,4
0,417255.26,58,2,972,4
0,113407.25,13,4,1056,5
1,315982.81,58,5,2677,0
1,395362.19,3,4,1524,5
0,49616.02,19,2,1731,1
0,70419.1,35,2,2204,4
1,416083.95,17,3,1238,5
0,403095.11,30,0,606,6
0,430769.6,47,5,1657,6
0,186058.65,51,3,87,2
0,66176.42,24,5,2783,2
0,193607.62,41,2,473,5
0,238381.05,40,4,1373,4
1,325587.93,41,3,2901,2
0,62754.59,3,0,1276,3
0,53110.04,57,4,585,3
0,188650.7,48,5,2242,3
1,372423.16,10,3,2712,0
0,309747.85,18,0,2857,2
0,224474.63,16,2,436,5
0,274510.6,42,2,278,3
0,98955.24,8,3,405,5
0,322643.71,39,0,237,6
0,125566.6,9,4,870,0
0,107542.9,14,1,1375,6
0,395378.66,39,0,1165,6
1,493826.02,35,2,744,0
0,70242.6,23,1,2441,2
0,91251.87,4,1,1754,4
0,374104.31,31,3,1512,4
0,58981.73,33,1,2549,0
0,154307.01,42,0,279,3
0,216005.44,7,3,2947,3
1,450137.05,21,4,637,0
0,141132.92,41,4,2276,5
0,193547.68,39,4,1237,3
0,304686.26,7,5,498,6
1,361815.76,14,3,1879,1
0,172771.15,30,3,1733,5
0,159711.43,21,5,1074,2
0,344976.41,31,0,403,6
0,51148.9,7,5,1556,6
0,280403.51,38,4,2330,2
0,208350.27,56,5,1762,6
0,484357.32,39,2,1470,0
0,256169.21,10,5,2005,1
0,178306.43,36,2,500,6
0,289179.5,52,3,2327,6
1,308718.77,42,4,137,4
0,19331.82,18,5,1295,2
0,8022.37,56,1,2349,5
1,39444.78,48,5,155,0
0,111490.78,27,3,1426,1
1,159260.5,21,4,2472,0
0,82012.05,49,4,233,5
0,139690.91,43,3,2019,4
0,210020.95,14,4,496,2
0,59890.44,44,5,2459,3
0,335230.62,3,1,1648,4
0,8805.11,20,1,592,6
0,148276.33,8,0,2067,5
0,91968.93,25,4,2912,1
0,281568.17,43,2,325,3
0,220928.7,30,0,1312,4
0,288832.84,46,5,1740,2
0,205490.99,21,1,2561,3
0,48624.29,55,0,1026,3
0,203222.66,6,3,1300,5
0,114678.17,50,1,342,4
0,267649.39,13,2,1468,5
0,121953.08,10,2,838,1
0,80670.55,49,5,338,1
0,234656.77,37,4,1868,5
0,323280.96,40,2,2599,2
0,222682.59,31,3,2616,2
0,297752.78,23,4,333,2
0,228697.36,4,2,1205,0
0,309429.15,33,3,1925,4
0,477344.58,48,0,1872,6
1,327659.54,21,4,1978,4
0,479072.57,29,0,1436,5
0,254751.76,12,0,1044,5
1,495538.08,34,4,2527,1
0,189561.73,19,3,1704,6
1,341054.37,4,5,2681,2
0,168196.92,36,5,1613,2
1,363248.16,43,4,645,2
0,293456.06,10,2,1300,5
0,68831.07,46,0,1298,4
0,323529.17,22,1,2774,5
0,51259.22,43,3,2112,2
0,184485.85,12,1,1429,6
0,100042.59,9,1,346,2
1,256306.41,35,5,2186,0
0,438814.42,40,1,2476,3
0,85312.37,54,5,2588,6
1,361985.58,3,3,1522,5
0,484946.36,40,2,1868,1
0,123388.41,52,3,824,2
0,492297.7,30,2,1594,4
0,212237.11,11,1,2506,1
0,30829.0,31,2,2301,0
0,426327.19,19,0,686,2
1,453126.57,10,3,405,1
1,442891.74,60,0,1729,0
0,253493.52,16,3,364,2
0,18952.84,60,0,2957,5
0,396733.42,9,0,1205,6
0,349555.63,9,5,1951,3
0,7599.34,6,0,1078,1
0,276658.1,47,4,2191,3
1,389205.45,16,2,529,0
1,212813.64,51,4,1902,0
1,419160.42,32,4,2225,0
0,289648.49,46,1,1223,3
1,309330.74,16,4,1736,1
0,264124.86,24,0,2184,4
1,394274.11,33,4,113,3
0,26549.54,25,2,1068,5
0,181761.47,5,2,1017,5
1,386893.18,48,2,576,0
0,275276.8,53,5,747,6
1,490505.5,31,5,776,6
0,36234.77,50,3,181,2
0,26684.11,13,0,1322,2
0,202120.91,53,4,1969,2
0,377879.0,13,2,1492,6
0,433570.15,22,2,539,6
0,221290.93,26,5,1831,3
0,486993.17,32,5,2067,2
1,137026.74,6,5,1768,0
0,303214.38,53,1,2264,2
0,55785.96,21,5,1240,2
0,303297.71,28,1,2855,3
0,226329.18,47,2,2548,3
0,321537.31,51,0,337,5
0,184839.01,52,5,2812,1
1,75675.84,39,5,1824,0
0,38280.51,50,5,1530,2
1,474986.22,3,4,658,5
1,474667.65,24,3,344,4
0,267082.64,26,2,2690,2
1,480457.43,2,5,792,3
0,196558.75,36,0,1102,6
1,353498.72,14,4,1199,5
0,104088.28,9,0,1881,1
1,498644.89,52,5,1339,5
1,356222.54,36,4,1219,2
1,357345.51,60,5,2642,1
0,256834.09,8,1,598,1
0,18010.59,36,4,1541,3
0,69236.76,57,0,299,2
1,499799.55,47,3,2183,3
0,412553.0,5,1,1328,5
0,227737.38,44,4,1441,1
0,321698.0,12,1,1802,4
0,416538.45,34,1,1275,1
0,164717.07,46,1,1447,4
0,423737.18,17,1,2631,4
0,66959.3,20,4,2215,0
0,322288.78,38,4,661,1
1,361713.22,39,2,2338,0
0,45205.31,42,4,1114,5
1,384644.71,27,4,2647,0
0,445053.46,35,2,2659,2
0,126214.57,52,5,1693,2
0,41121.65,4,1,1830,3
0,234898.87,22,4,618,2
0,368428.88,56,2,1663,1
0,259915.17,7,2,1020,3
0,137398.48,16,1,426,0
1,472965.52,56,4,1742,1
1,407671.53,60,4,2983,2
1,382745.08,32,4,1942,3
0,251198.29,6,3,2100,3
0,111496.49,23,0,237,2
1,300771.79,54,5,2784,3
0,270661.92,55,0,1795,1
1,365116.49,49,3,1528,0
0,30323.06,36,1,1514,4
0,41398.22,33,3,2282,2
0,341797.33,8,1,426,3
1,398474.13,22,4,1527,6
1,103533.65,33,3,2078,0
0,24262.41,46,2,1970,4
0,78725.63,58,4,602,2
0,162672.37,26,4,1255,4
0,256120.92,33,4,2036,5
0,153396.33,53,0,1538,2
0,490049.53,38,2,3000,6
1,300470.26,17,5,2399,4
0,362093.06,38,3,728,4
0,388430.03,25,1,2818,1
0,288422.28,45,0,811,0
0,160277.78,10,3,2858,1
0,253400.65,40,3,285,5
0,261748.19,36,2,2742,3
0,191528.26,12,3,2213,2
0,180372.06,50,5,2818,5
0,306987.91,13,1,1172,4
0,116309.18,20,2,2917,1
0,161935.17,23,4,2985,2
0,65327.68,44,4,1585,3
1,477531.39,52,1,1219,0
0,477880.29,6,2,1841,5
0,374932.56,14,1,2236,2
0,349604.79,9,0,2551,5
0,123444.62,4,5,2205,1
0,30983.1,27,2,2968,3
0,342190.03,9,0,2284,1
1,328181.93,57,3,1985,5
0,379175.97,19,2,1199,5
0,454428.79,6,5,2381,1
0,370649.83,55,0,747,3
1,467291.69,3,3,2059,1
0,438987.87,1,2,2356,4
0,464585.15,22,2,1891,5
0,264537.67,57,1,2095,3
0,100441.64,8,2,695,5
0,325901.24,46,1,87,5
0,396429.99,37,5,821,1
1,428792.52,58,3,1781,4
0,47935.2,43,0,786,1
0,165182.83,16,0,1098,3
0,226134.08,18,2,1266,4
0,10660.69,42,2,2867,1
0,335554.13,30,2,684,3
1,461937.48,57,5,1303,5
0,321162.11,19,2,2547,1
0,478893.47,31,1,1893,5
0,189944.3,45,4,1958,6
0,401987.52,53,1,1043,5
1,437201.85,6,4,1859,4
0,43660.85,37,0,282,6
1,451929.64,13,4,2228,1
0,167418.23,34,3,506,5
0,359874.39,32,0,2120,3
0,229448.99,33,3,1901,4
0,281604.61,44,2,2992,0
0,130956.32,1,5,922,4
0,27418.45,23,5,291,4
1,467618.49,5,3,159,2
0,94090.76,9,5,2675,3
1,496464.02,25,3,1576,3
1,342951.53,43,4,574,5
0,63723.42,35,3,2196,1
0,418236.7,49,0,1252,3
0,214943.37,25,1,1043,3
1,81785.08,13,5,492,0
0,309386.99,60,0,1015,1
0,54943.87,3,3,2478,5
0,126143.4,3,3,1827,1
0,112548.26,56,0,603,4
0,120909.95,59,5,2389,2
0,300969.25,44,2,1000,2
0,492919.3,34,1,1723,2
0,35174.03,38,5,747,5
0,280146.08,4,2,2665,5
1,393973.28,21,5,1735,3
0,153444.8,12,4,1969,1
0,153864.53,46,1,1926,0
0,209275.36,27,4,2200,1
0,125214.97,14,2,2678,0
1,424331.03,6,4,2997,6
0,30510.63,25,5,2507,4
0,437442.13,13,4,2996,5
0,112423.18,14,2,1271,0
0,468894.08,48,0,1991,1
0,353365.45,26,1,2291,2
0,193427.56,35,5,1501,2
1,183024.09,57,3,1938,0
0,382006.34,21,1,1548,2
0,27629.15,56,1,627,0
0,278889.22,38,4,2979,3
0,80443.65,22,1,1585,4
0,252154.23,42,5,1412,2
1,483421.59,42,5,2039,3
0,367722.26,23,1,603,5
0,246716.58,59,4,2658,0
0,21742.76,55,0,2767,0
1,209134.15,54,5,977,0
0,9525.02,33,3,1558,0
1,320675.65,60,4,2009,5
1,12787.22,35,4,1714,0
0,267061.74,18,4,1204,0
1,407512.82,44,3,764,0
0,264570.77,16,1,2568,4
1,408531.12,18,3,353,2
0,232203.88,16,5,955,2
1,328599.18,55,5,159,0
0,192735.69,36,3,259,5
1,352908.35,6,3,1807,5
0,285099.03,55,0,2193,0
0,109651.44,56,5,2351,3
0,28048.18,5,5,1178,4
0,330764.07,12,2,94,1
1,76374.82,53,5,1661,0
0,85412.87,16,4,1623,5
0,169206.27,49,5,603,6
0,252892.46,23,0,430,3
1,420143.96,22,4,2544,4
0,484615.66,21,0,2627,2
0,247848.71,23,4,1567,3
0,341448.95,43,3,381,6
1,151212.84,16,5,331,0
0,81339.38,46,5,661,5
0,161755.72,7,0,51,2
0,183159.16,18,0,572,0
0,218334.86,36,4,2128,3
0,17999.64,23,4,411,4
1,393297.17,56,3,80,2
0,196960.78,6,5,2321,1
0,262946.74,44,3,724,1
0,154059.98,32,1,289,1
0,141601.13,20,3,345,2
0,472390.04,47,5,2060,4
0,101796.37,7,1,1277,0
0,169447.52,40,3,1379,3
0,218155.03,53,5,2464,1
0,163729.25,45,1,1992,2
0,482464.44,21,2,2876,5
0,484042.73,51,1,1364,3
0,409164.79,26,2,496,4
0,298152.38,35,1,2822,6
0,18323.47,47,3,2931,1
1,399854.33,54,5,313,6
1,338123.94,9,5,1270,1
1,331038.17,46,3,1574,0
0,495396.8,31,4,1671,4
1,462130.4,56,5,1743,4
1,396406.85,24,5,2229,4
0,59137.87,16,5,2752,2
1,325264.92,3,4,2672,5
1,483571.51,22,3,463,0
0,133075.49,33,5,2154,4
1,345393.88,15,3,1562,3
1,387309.41,38,5,2079,1
0,498862.85,31,0,1240,3
0,62454.32,47,1,1456,2
0,230389.65,14,4,2008,2
0,53323.4,47,5,1883,2
1,153630.72,52,5,501,0
0,325745.11,44,1,1029,4
0,278195.59,22,4,1776,3
0,399889.12,41,1,793,5
0,200813.28,48,4,838,3
0,217628.66,1,5,909,1
0,377401.12,52,0,2394,0
0,97545.12,21,1,1904,0
0,336997.21,32,4,2647,2
0,197376.43,26,4,497,2
0,423531.31,40,1,2789,5
0,459747.88,38,0,2782,1
0,63341.52,20,0,779,2
0,257858.31,27,4,594,4
0,214404.2,32,5,2231,5
0,279681.73,32,2,604,1
1,421782.68,40,0,1500,0
0,72584.68,53,3,2330,4
0,207521.5,32,3,2938,6
0,246906.26,6,4,156,6
0,149584.51,18,1,2232,2
0,391466.4,37,5,2058,4
0,61039.44,8,2,2254,6
0,273311.47,49,0,2974,3
0,113178.26,28,0,2707,6
0,152365.92,3,3,1106,2
0,222339.6,8,1,889,6
1,346121.13,56,5,2529,5
0,87160.9,9,1,877,6
0,287186.8,35,2,2474,4
0,165208.54,46,2,1215,4
1,476436.69,33,5,420,1
1,459790.51,18,5,549,5
0,128590.23,46,2,1043,6
0,247282.07,37,5,1130,5
0,190710.3,5,5,411,3
0,376152.18,45,2,1892,3
0,293067.99,56,5,411,5
0,319246.07,45,2,289,6
0,201869.35,28,1,2056,2
0,415030.09,22,4,2397,1
0,426949.18,51,2,2825,6
1,27741.75,41,3,96,0
0,223436.54,1,3,858,5
1,441663.14,20,1,1152,0
0,128942.69,24,5,2687,1
0,201189.08,20,5,2894,6
1,217469.32,6,5,419,0
0,241019.32,9,4,956,4
0,9597.04,45,2,523,6
0,348545.35,31,0,967,3
0,366727.87,7,0,1313,2
0,72879.0,50,1,2657,5
0,38863.75,37,0,2529,5
0,222849.21,47,1,2602,5
1,460347.59,40,5,1842,6
0,47910.58,7,1,534,4
0,179010.14,28,2,602,1
0,324087.18,16,4,2491,4
0,146035.8,45,0,2726,2
0,261285.82,33,1,1634,2
0,392981.79,51,1,2057,3
0,124335.47,41,4,320,4
0,493506.85,60,2,570,3
0,213327.45,35,5,737,6
0,477454.23,50,0,98,4
0,11827.75,14,0,277,6
0,255772.25,41,5,2082,6
0,214669.74,26,0,2653,4
0,309943.29,18,0,1299,0
0,460857.81,52,1,2227,2
0,295286.4,49,5,2819,5
1,158533.9,28,5,1007,0
0,47675.34,28,0,1887,4
0,32239.17,43,5,2725,5
0,64124.29,46,1,2903,0
0,250724.4,23,4,2148,6
0,87646.66,9,5,1130,5
0,386857.99,2,2,1788,2
1,36616.63,46,4,2600,0
0,230322.9,24,0,2076,6
0,87606.29,11,2,451,4
0,118060.19,33,0,210,6
0,126052.97,31,2,1598,1
0,465924.24,55,0,2294,6
0,116135.08,16,3,2980,2
0,413868.51,37,2,519,4
0,93775.45,52,4,218,3
0,439110.66,56,2,1302,2
0,278780.24,1,2,851,2
1,393331.07,48,4,1023,3
0,297887.01,32,1,2268,6
0,79530.36,60,3,127,1
0,176479.73,54,5,69,2
1,380669.93,25,5,1289,0
1,267258.17,16,3,2045,0
0,357267.97,6,0,978,6
0,209463.12,58,2,1907,5
0,292481.46,33,1,2640,6
0,42041.09,37,0,1811,5
0,122202.01,17,2,1639,5
0,162438.57,18,1,335,1
1,391068.81,38,0,666,0
0,227535.54,21,3,524,4
1,482494.19,14,3,1292,3
0,426978.68,6,1,2840,2
0,24963.26,54,2,637,0
1,484358.0,26,4,230,5
0,133782.56,12,0,1686,6
0,280197.11,36,1,417,3
1,402928.89,9,0,78,0
0,69704.04,53,3,1554,5
0,293250.28,17,0,119,0
0,451735.56,29,1,406,6
0,65651.19,30,0,718,4
1,411734.27,26,3,150,3
0,90539.57,14,1,1156,2
1,442294.78,3,4,2566,4
1,325402.81,32,3,2285,3
0,48422.17,25,1,1747,1
0,128328.14,52,4,109,3
0,242443.8,51,3,1439,4
0,164194.19,18,1,136,2
0,113414.99,58,2,269,6
0,267068.98,50,4,983,1
0,127689.24,16,2,2215,6
1,383204.61,15,4,1620,2
0,92169.68,38,2,2887,2
0,18962.25,45,2,2355,4
0,283738.9,13,3,2250,2
0,247766.03,6,0,982,4
0,14864.35,31,0,1388,4
1,404190.48,22,5,756,6
0,34480.2,10,4,2916,1
0,424008.04,56,2,327,2
0,295078.25,22,2,1351,1
1,367514.25,28,5,2025,5
0,91230.32,36,5,2543,6
0,115502.42,38,1,1579,2
0,68037.44,47,0,2905,4
1,426124.7,50,4,162,1
0,162517.37,52,4,934,5
0,56534.57,32,1,1386,5
0,122807.98,21,1,2635,0
0,226081.82,17,1,1052,5
0,178488.18,51,0,2980,0
0,196038.86,47,3,711,3
1,441476.48,23,4,1567,0
1,395421.35,37,5,2844,1
0,228387.27,52,0,1237,0
0,134258.22,7,0,1430,1
0,84647.72,5,4,411,2
1,492711.67,58,3,2915,0
1,471508.92,11,4,1808,1
0,55122.62,14,1,1706,5
1,362408.86,47,4,1116,5
0,152213.32,7,0,1639,4
1,420727.98,10,0,1507,0
0,48376.04,53,5,2590,4
0,103839.03,2,1,729,5
0,488643.56,31,0,1293,6
0,238117.5,58,5,1115,0
0,196825.92,24,3,1543,1
0,27085.38,29,3,1108,1
1,284302.06,10,5,2763,0
0,335729.88,52,4,1725,6
0,117618.82,4,3,2170,3
1,345098.63,60,3,2375,1
0,152931.79,26,5,172,4
1,450725.26,52,4,2805,4
0,64539.53,49,3,738,1
1,405188.06,9,0,1764,0
0,104950.04,53,5,635,6
1,132653.75,59,5,304,0
0,280400.28,36,2,1161,4
1,458995.15,1,5,2582,4
0,391934.4,8,3,642,1
0,296027.4,49,0,462,4
1,393944.09,56,4,1438,3
0,194606.52,32,4,2524,3
0,90238.87,26,1,2562,4
0,24197.35,57,2,2858,1
1,374146.16,59,2,1555,0
0,409606.03,20,2,1178,6
0,429826.22,44,0,963,1
0,487238.62,29,2,1133,5
0,304464.67,6,1,1839,1
1,371767.68,49,4,1561,6
0,260058.5,11,0,1304,5
1,204675.64,50,4,2359,0
0,100417.91,54,1,266,1
0,230942.09,59,2,2916,1
0,187334.2,30,4,1655,5
0,342181.31,16,2,2032,4
0,92903.93,56,3,2433,4
0,175403.26,54,2,2851,0
0,18587.99,4,1,2373,6
0,429270.04,42,1,2805,1
1,327535.73,33,0,2824,0
0,456200.14,42,1,2492,6
0,115766.17,39,2,2949,5
0,214784.37,25,2,1910,2
0,236015.52,44,4,2584,3
0,55644.49,33,5,1562,4
1,306479.8,20,5,472,3
0,171460.41,18,5,1361,6
0,134267.72,46,5,1253,1
0,261060.32,16,0,2487,3
0,341974.1,47,0,2714,3
0,133416.0,27,3,1620,5
0,293596.73,37,1,1435,5
0,344727.46,41,3,2781,2
0,153596.44,11,5,2316,1
0,53313.52,9,5,1089,5
1,382644.52,12,5,1404,5
0,115015.49,15,5,1287,3
0,188982.8,38,2,1929,6
0,237915.6,56,5,2420,4
0,40251.79,57,1,2079,0
0,267270.06,27,0,647,1
0,174621.59,37,3,616,2
0,390575.88,32,2,2614,1
1,319076.99,1,3,1150,1
0,290258.06,11,3,390,1
0,219687.15,28,3,1787,3
0,7311.22,35,1,1558,0
0,379639.63,34,1,103,5
0,315210.03,16,1,2870,2
0,68820.75,25,4,2441,2
0,37317.08,3,2,1221,3
1,300203.11,22,3,2843,1
0,498088.76,32,2,801,1
0,14466.74,15,5,567,1
0,296897.95,11,0,1531,5
0,190720.25,41,2,2220,4
0,298992.41,4,5,472,5
0,28876.35,8,3,1849,3
0,275904.78,31,5,657,1
0,154052.65,43,0,2743,4
0,313284.9,45,1,1745,6
0,258234.47,40,0,1187,0
0,251380.84,39,1,1107,6
1,486694.26,23,5,1708,2
0,24505.83,32,1,2848,3
1,121080.11,1,5,394,0
1,336165.86,10,0,2125,0
0,452865.8,42,1,1900,2
0,234817.29,7,1,191,6
0,183306.26,44,2,1774,5
0,52024.24,49,0,69,6
0,333360.74,11,2,1494,3
0,137813.15,47,0,1556,6
0,95520.36,26,3,1899,2
1,346501.7,31,3,2687,6
0,60963.0,45,5,270,6
0,56337.99,59,4,2007,6
1,340804.6,12,4,1585,6
1,307622.42,56,5,565,3
1,60904.05,27,3,218,0
1,329211.92,1,5,2806,4
0,363267.9,15,5,1415,4
0,345679.61,40,0,1802,5
0,243555.19,43,5,2657,3
1,420321.35,36,4,253,0
1,255255.95,31,3,707,0
0,163713.74,22,2,236,4
1,277495.31,25,3,992,0
0,224873.49,37,3,390,6
1,226298.72,8,3,2706,0
1,204702.63,3,4,2279,0
0,396932.73,40,5,1277,4
0,107391.37,43,3,1426,2
0,409211.4,55,3,1389,4
1,301975.82,46,5,1518,5
1,61441.56,49,5,938,0
0,180793.79,41,2,2273,4
1,352537.55,3,1,2046,1
0,57945.95,40,1,798,0
0,111716.8,53,1,2965,2
1,379788.92,3,5,2783,4
0,387211.86,29,3,2727,4
0,71644.83,32,0,2202,5
0,278847.03,28,4,2008,4
1,347449.77,12,5,555,0
0,330473.3,39,2,2094,3
1,489852.88,59,5,1046,2
1,481978.8,19,3,576,1
0,303249.6,57,5,2128,2
1,431050.24,46,5,2297,5
0,104440.1,40,5,1220,5
0,460989.92,9,5,2692,1
0,273533.28,41,2,2939,0
0,283328.7,38,4,2762,5
1,338750.53,58,4,1201,6
0,405110.87,34,0,133,3
0,31267.17,4,1,1123,6
0,491848.53,44,2,629,6
1,346844.45,19,1,2246,0
0,407942.98,7,4,2796,5
1,433096.54,48,5,2328,3
0,257906.54,51,5,1208,5
0,463609.98,25,3,2836,2
0,31632.09,48,2,861,4
1,415841.82,59,5,2916,5
1,378778.31,35,5,2501,1
0,150617.97,12,5,335,1
1,368864.35,8,3,196,3
0,280516.32,9,1,2422,6
1,7794.34,30,5,664,0
0,464670.98,39,0,2591,4
1,247822.72,37,4,1496,0
0,265070.56,12,4,309,6
1,83888.39,35,4,1682,0
0,114493.05,14,5,1389,2
0,150319.31,49,4,2202,3
0,412725.76,42,0,499,5
0,225605.29,58,5,2543,4
0,479653.92,44,2,1592,6
0,196008.59,35,5,1188,0
1,411943.99,24,4,2113,3
0,26706.57,58,5,818,2
0,45761.0,7,1,2233,4
1,315331.87,14,5,2608,6
0,433150.67,28,0,872,4
1,325047.77,5,5,2840,1
0,232316.49,22,0,388,0
0,93106.12,17,4,318,4
1,455938.35,27,3,1877,5
1,219347.39,2,3,2787,0
0,7919.97,47,4,289,6
0,27530.84,55,0,1495,4
0,148469.12,44,2,2514,0
1,383810.75,29,3,1648,6
0,239623.9,35,1,588,5
1,399401.37,55,4,1238,5
0,152537.97,57,5,2683,2
0,278994.47,36,1,534,0
1,288495.7,26,4,2272,0
0,108976.18,48,5,1438,1
1,453285.88,55,4,613,1
0,114290.04,54,2,825,0
0,337134.07,37,0,2278,3
0,41206.56,43,0,1056,0
0,364166.68,32,2,1492,1
0,54522.3,40,0,822,2
0,228069.76,40,5,1282,5
0,80435.51,37,2,1325,3
0,7391.78,16,1,2947,5
0,141956.52,24,1,2813,5
1,439553.49,30,3,1499,6
0,246050.83,7,1,2674,4
0,421687.53,55,1,2236,1
0,368104.59,41,0,338,0
0,317655.11,53,4,2401,3
0,110316.54,3,4,1097,4
0,238691.46,50,1,1528,3
1,446261.58,38,5,1221,1
0,253055.97,6,3,1520,4
0,333025.85,55,4,2832,1
0,74483.49,11,1,2349,4
0,369280.31,31,2,195,1
0,119716.2,17,2,988,0
0,261353.19,51,2,1619,3
1,441368.23,3,5,1357,0
0,318615.66,18,5,1108,4
0,287229.28,25,5,1580,2
0,328401.59,54,0,2146,2
1,486473.68,15,4,1692,2
0,245996.47,31,4,57,4
0,222749.86,15,0,2137,5
0,109700.97,12,1,1513,4
1,332249.27,27,2,2980,0
0,339238.57,31,1,2449,1
0,16110.79,3,1,2379,4
0,71688.4,33,0,2374,1
0,87338.98,60,1,2146,3
0,484775.63,41,0,2977,5
1,473890.66,14,3,2514,3
0,89430.56,54,3,2491,1
1,411124.32,12,4,2731,4
0,88022.24,44,2,1887,4
1,39077.23,25,3,571,0
0,105162.53,56,4,2833,3
1,304727.95,12,3,2548,4
1,439487.56,35,4,511,0
1,331399.34,58,4,2238,6
0,448999.63,50,5,2689,3
0,213238.59,56,0,2887,4
0,118595.7,52,3,1591,2
1,403287.41,59,5,2389,0
0,71272.14,31,1,373,2
1,438999.33,27,2,804,0
0,291103.64,8,4,59,3
1,345444.53,21,3,1513,0
0,215905.44,38,2,1100,6
0,214662.97,24,4,1158,5
1,378711.09,27,4,2313,3
0,188255.42,36,3,1069,2
0,175456.37,46,3,595,6
1,375168.03,29,5,692,0
0,256630.05,51,2,2285,4
0,84565.31,41,0,403,6
1,238475.99,39,3,391,0
0,114776.27,6,4,184,5
1,465689.07,26,4,2717,4
0,357244.89,39,0,747,5
0,222291.16,13,5,2152,2
0,21636.63,39,4,2142,5
0,309519.04,44,0,1503,1
0,487944.72,6,2,1666,2
0,205698.23,13,4,92,5
0,459992.82,36,2,2320,4
0,177000.17,53,2,956,4
0,230105.71,26,4,49,2
0,206531.64,7,4,326,4
0,173283.12,8,4,1085,4
0,128820.04,29,3,2336,3
0,379949.28,50,3,2821,3
1,431701.52,31,0,1086,0
1,318662.59,15,5,2902,1
1,209150.86,23,4,2224,0
0,127887.52,6,3,2789,5
0,42634.27,60,1,1981,2
0,113190.24,37,2,778,5
0,252004.67,13,1,1021,6
0,107355.42,13,1,2563,2
0,390574.55,8,0,2798,5
1,308844.35,49,4,203,6
0,188742.29,21,3,2383,6
0,247948.65,49,4,1177,3
0,376333.85,9,0,2183,6
0,241768.44,35,0,2088,2
0,430898.06,50,1,1902,0
0,232734.94,45,0,78,5
0,192816.86,7,2,1511,4
0,97640.46,17,1,1133,3
0,174832.75,12,3,1766,1
0,351852.75,24,2,1670,2
0,94045.17,9,4,2839,1
0,361803.65,52,1,2304,3
0,102051.29,52,5,642,3
0,92420.6,32,1,2613,4
0,361677.36,51,3,1258,2
1,429958.48,4,3,435,5
0,34718.01,53,2,1981,6
0,227678.14,22,2,1508,2
0,280958.29,52,2,1439,0
0,65012.56,56,5,2510,1
0,290067.76,42,4,744,6
0,180778.97,44,4,2026,6
1,445368.06,25,4,1203,3
0,434787.54,41,2,1757,5
0,287960.6,55,0,354,1
0,117967.88,21,5,1223,5
0,304665.56,26,2,1852,6
1,375208.27,34,3,1725,1
1,427834.86,9,5,991,5
1,470516.48,45,5,357,1
0,201537.56,7,0,1968,4
1,18050.63,26,4,370,0
1,310960.57,6,5,1626,2
0,127461.28,19,3,2596,1
0,265737.46,11,0,173,5
0,430882.56,21,3,1943,6
0,467754.5,36,3,583,5
0,92633.14,39,3,2614,5
0,220313.8,41,5,2216,2
0,243417.58,15,0,1839,2
0,209040.88,10,2,73,0
0,408613.0,55,1,1438,2
0,269873.95,45,3,1984,2
0,384105.26,52,2,2475,1
0,276365.04,13,3,2326,3
0,128698.58,46,5,2675,3
0,114193.25,6,3,2591,1
1,383446.46,59,4,2872,5
0,145915.04,48,4,1131,3
1,427473.6,12,1,1216,0
1,310776.06,18,5,2580,3
0,163718.64,10,0,2221,0
0,486304.64,19,2,542,5
1,364918.0,15,0,647,0
0,112508.1,27,2,2071,2
0,349982.73,3,2,358,6
0,32738.98,50,3,322,4
0,94893.85,58,2,1592,6
0,65370.97,50,5,1049,3
0,127345.28,3,1,1917,5
0,262963.86,14,3,1623,5
0,468426.55,11,5,202,5
0,262858.5,17,3,2645,2
1,183411.19,4,5,922,0
0,318289.94,21,0,715,6
0,294424.95,26,1,66,0
1,392820.24,31,5,2472,1
0,386544.52,16,1,2077,0
1,172518.94,49,5,275,0
1,324064.57,45,4,469,1
0,120173.94,36,5,1452,6
1,367928.47,2,5,1577,2
0,129094.64,3,3,2924,3
0,150883.73,45,3,807,4
0,274092.17,21,5,1948,2
0,457664.63,36,1,312,4
0,227445.18,53,2,2248,2
0,5356.32,41,4,1582,5
0,442051.52,40,2,2570,1
0,361896.76,43,4,1617,1
1,343195.97,50,4,661,4
0,164687.02,42,2,482,0
0,331151.06,3,1,761,6
0,105029.12,32,1,434,0
0,322667.08,25,5,2036,4
0,352150.44,17,0,1530,1
0,360333.37,1,1,2715,3
0,236689.28,41,0,1508,4
0,411903.13,51,5,268,6
0,136578.74,3,5,318,6
1,43578.01,14,4,427,0
0,268172.22,13,1,2185,5
0,287163.7,12,4,2316,3
0,384310.29,37,2,2792,3
0,441997.89,11,1,2282,3
0,172068.87,11,4,2487,3
0,451730.06,36,2,1552,3
0,413946.71,21,4,1015,4
0,110894.43,50,4,1070,2
0,226512.4,26,0,171,2
0,13069.71,9,2,56,2
0,111337.29,21,0,2855,6
1,459960.48,33,4,2367,4
0,51672.13,30,2,669,1
0,186706.03,38,1,984,2
0,50493.04,26,4,920,5
0,363172.36,51,3,738,3
1,410660.06,7,4,2660,2
1,366740.73,37,3,351,6
0,461326.39,22,2,1808,3
0,435544.32,15,5,2703,6
1,464683.32,41,5,1596,0
0,264569.76,21,4,2343,1
0,253688.8,15,1,236,5
1,485664.92,49,4,2386,4
0,114932.39,19,3,636,1
0,45859.83,37,5,231,4
0,134966.2,26,4,1809,6
1,382206.3,31,4,841,3
0,327862.98,13,4,2553,5
0,126891.69,5,2,1791,2
0,49349.35,43,3,1764,2
1,99292.42,23,4,2714,0
0,88781.36,23,4,1841,4
0,223029.39,60,1,847,5
0,82215.65,47,0,490,5
0,125308.91,40,1,1208,0
0,348428.64,8,2,1873,3
0,169278.98,48,4,897,1
0,264016.61,17,4,2008,4
0,349060.22,43,0,1572,4
0,26523.59,11,0,1193,1
1,139284.32,30,5,64,0
1,331884.55,43,5,1505,6
0,14443.77,56,5,1613,1
0,256727.46,46,0,1322,3
0,268122.52,12,1,2080,3
0,463543.24,2,0,1043,4
1,170116.97,26,5,673,0
0,343734.12,23,5,1268,1
0,141559.75,4,5,1085,3
0,472347.67,18,1,651,2
0,330181.22,6,5,1595,4
0,436987.23,44,1,1739,1
0,80610.83,20,4,1378,3
0,70227.21,42,1,2409,4
1,431980.89,20,5,2918,4
0,217881.83,59,1,2717,4
1,162160.62,36,4,2976,0
0,162210.81,57,1,150,6
1,440665.29,27,3,1272,3
0,80218.74,13,0,568,1
0,382411.5,40,4,1123,4
0,308119.2,39,1,975,5
0,182834.36,45,3,579,4
0,237037.93,42,2,783,6
0,248265.57,9,1,821,1
0,207251.63,1,2,1721,1
0,380099.41,5,1,1829,6
0,247521.73,21,3,1040,3
1,389226.29,39,5,1588,5
0,200104.6,48,4,2462,4
1,322489.94,46,0,2162,0
0,231165.71,57,0,1036,4
0,200827.54,48,0,2314,3
0,383754.14,4,1,1222,3
0,442776.8,50,2,1919,1
0,150737.76,59,0,2856,4
0,234471.58,42,3,400,5
0,61019.94,50,4,2881,4
1,199568.02,21,3,132,1
0,297206.16,46,1,1892,0
0,165417.02,42,5,701,5
0,50139.66,46,3,2627,2
0,264289.57,25,5,2125,4
0,192445.92,25,0,729,2
0,436296.17,56,1,694,6
0,93539.05,46,0,1748,2
0,366430.06,29,2,2595,1
0,449778.25,13,0,2580,6
0,11042.84,32,3,2256,6
0,305952.05,32,1,918,4
0,229600.55,29,0,2492,4
0,126133.02,36,2,2568,5
0,410960.09,14,0,787,1
0,328372.05,3,1,162,5
1,419817.15,20,2,389,0
0,211393.68,12,1,2782,2
0,332157.68,45,4,2374,6
0,92822.54,30,5,2401,2
0,51097.51,20,2,1539,3
1,380428.78,54,4,295,2
0,71600.17,45,2,1378,4
0,264699.87,45,1,2536,0
0,287826.7,41,4,389,3
0,467276.38,46,2,1779,4
0,133531.72,37,4,1479,1
0,283504.0,34,5,2618,3
1,404950.28,57,4,983,5
1,489732.54,1,0,128,3
1,370046.85,14,4,1728,3
1,170227.17,36,5,899,0
0,346558.45,17,0,1290,2
0,277246.83,50,0,496,5
1,173973.98,47,4,2553,0
0,101037.71,54,2,2784,3
0,399640.92,42,1,2002,1
0,446568.87,35,2,1924,6
1,464256.04,4,4,1256,4
0,279812.72,2,1,2395,5
0,400769.99,57,2,301,1
1,421165.88,22,3,2596,4
0,287635.91,25,1,2467,0
1,354106.76,21,5,159,2
0,47964.9,57,1,1552,3
0,111989.24,20,1,489,2
0,390006.24,59,0,1847,4
1,400517.51,58,4,661,1
1,462200.2,47,4,1301,6
0,75931.05,56,0,2144,5
0,106567.62,3,3,1617,5
0,62338.81,20,0,2844,6
1,436578.17,22,3,218,0
0,384259.19,48,2,122,4
0,321231.17,14,2,851,1
1,141941.52,21,3,2778,0
0,78913.76,18,0,92,4
0,259460.03,14,4,1464,4
0,139170.79,46,2,2381,1
0,40265.22,40,2,2244,3
1,69386.63,31,5,236,0
0,31630.94,28,3,763,5
0,446181.57,41,5,2894,3
0,181034.03,22,1,2950,6
0,43880.08,60,3,2355,1
1,407361.25,59,5,1948,0
0,158643.88,42,5,1936,3
1,473986.89,10,4,1086,2
0,95759.77,59,5,1383,6
0,229375.12,2,0,1976,0
0,241932.78,55,1,1186,6
1,304197.91,9,4,451,3
0,166305.52,42,0,1267,4
0,203404.16,27,1,2573,1
0,83715.04,31,3,300,2
1,407888.27,38,3,1813,4
0,274540.81,16,1,2744,5
1,370986.69,46,4,2023,0
1,300057.37,21,4,429,6
0,92206.13,26,0,2480,0
0,386814.97,25,2,2054,5
0,49813.84,53,1,2408,6
0,379753.47,43,1,1885,4
0,198041.42,37,3,831,1
0,153368.99,51,5,1277,3
0,495193.18,38,0,2534,4
0,424580.19,55,2,285,2
1,484110.26,1,5,2323,6
0,59300.67,19,0,993,3
0,200162.82,21,5,1597,3
0,220419.07,14,5,740,3
0,98172.28,25,2,1738,1
1,498740.74,43,1,580,0
1,325952.68,10,5,2023,5
0,487612.64,9,0,592,5
0,430775.62,58,5,2505,3
0,93999.7,33,3,2291,6
0,195433.79,15,1,1769,4
0,291079.56,55,5,999,5
0,138278.97,60,4,2390,2
1,489225.56,37,3,2917,2
0,292233.05,45,0,611,5
0,491871.65,49,2,1934,4
0,264061.61,40,0,1034,3
1,343616.64,35,4,1309,4
0,452274.71,35,0,1950,3
1,453497.27,37,5,1387,3
0,480487.74,52,2,1214,1
0,349050.33,39,5,1275,5
0,133919.35,41,3,2398,1
1,30551.84,19,5,2587,0
0,244956.29,9,4,344,6
0,129765.23,40,2,1157,6
0,12030.49,8,4,745,4
0,331282.04,24,1,1100,6
0,245034.66,52,4,165,2
0,483836.09,39,1,2061,6
1,386332.06,16,5,1832,5
0,109374.09,47,2,252,5
0,378964.55,8,0,716,3
0,240734.81,31,5,2211,1
0,343337.43,25,3,1105,1
0,435787.48,1,2,1868,3
0,481072.55,44,0,428,4
1,478310.91,28,4,2700,6
0,170808.87,18,0,1075,5
0,198621.11,50,5,1020,5
0,386396.16,34,2,2805,5
1,160068.56,1,5,64,6
0,10920.9,7,4,455,5
0,179000.63,47,2,1061,1
0,16731.73,6,0,2463,5
1,475492.03,41,0,2930,0
0,428938.21,9,3,2718,6
0,402584.03,12,0,2879,1
0,150811.47,43,0,2646,3
1,385832.77,45,5,1354,2
0,391461.99,18,0,1597,3
0,497999.49,17,2,758,3
0,248402.28,60,1,2529,3
0,324514.17,7,1,2244,6
0,113101.32,42,0,1838,5
0,56127.12,5,0,2370,5
1,389732.4,2,3,639,5
1,466782.39,43,3,1121,1
0,452785.68,37,0,2141,5
0,241679.02,26,5,317,4
0,6637.14,45,3,526,4
0,467845.88,23,2,2822,2
0,32321.36,42,0,1526,4
0,44826.11,30,2,2683,1
0,279465.36,25,5,812,2
1,448748.05,41,5,1501,3
1,443181.01,29,5,806,1
0,100580.9,47,4,1006,3
0,36181.35,35,5,1290,3
1,482652.15,52,3,97,0
0,32746.95,51,5,205,3
0,109780.7,42,5,2172,3
0,78732.05,38,1,325,0
1,247002.88,2,3,2562,0
0,352141.92,9,0,735,5
0,452807.86,53,0,1898,4
0,418499.32,5,0,497,3
0,400591.74,15,0,860,3
1,406702.91,48,5,1676,2
1,488047.37,37,4,592,2
1,383292.8,38,1,1404,0
0,140577.21,49,3,718,5
0,278936.83,29,1,2413,0
0,54484.09,55,5,2538,3
0,12737.01,32,0,56,0
1,463437.79,46,5,2461,2
1,348284.25,51,3,2865,1
0,75828.49,18,4,1874,3
1,469354.36,40,5,184,4
0,360013.38,40,0,2598,6
0,177187.52,1,4,995,1
0,493368.74,7,4,1512,6
0,256232.67,30,5,2730,1
0,31269.16,8,1,2836,6
1,251269.84,11,5,206,0
0,146106.94,28,2,1399,4
0,26442.15,48,0,2231,1
1,393818.55,32,4,505,0
1,362094.52,38,4,1365,3
0,374807.94,58,2,972,6
0,166435.45,7,1,1719,6
0,190888.53,15,0,1959,4
0,31897.98,28,1,915,4
0,93140.08,24,1,1904,5
0,317850.45,18,1,1405,1
1,347644.21,4,2,589,0
0,231996.57,11,2,930,2
0,82610.12,51,5,2534,1
0,485217.24,55,1,384,3
0,247160.63,14,4,1969,6
0,143189.58,47,3,1040,1
0,219953.12,15,4,640,4
0,211797.07,3,0,1957,5
0,21642.17,34,3,1993,6
0,228958.48,16,0,2317,6
0,348114.12,27,1,573,2
0,123335.89,6,0,1995,5
1,85092.4,30,4,2420,0
0,234561.52,9,5,1690,1
1,315271.42,46,5,35,6
0,195515.24,45,2,2204,0
0,215821.62,18,5,2538,4
1,398266.98,51,5,361,4
1,369201.59,4,4,2793,2
1,59928.44,24,3,2565,0
0,186384.33,42,4,2917,0
0,356121.88,14,1,1401,1
0,61211.05,31,5,2406,6
0,377820.88,49,1,1342,2
0,254265.16,28,2,253,0
0,175887.16,32,4,2187,6
0,237731.11,35,5,2212,2
1,312370.88,52,5,2869,6
1,98235.02,57,3,387,0
0,449483.2,19,0,477,1
0,60452.17,10,3,646,6
0,262740.38,41,0,1230,3
0,466202.13,31,2,1750,3
0,149300.81,5,0,981,6
1,324112.66,27,4,1434,5
0,245643.45,43,5,2201,6
0,225401.87,20,4,570,6
0,90009.88,17,1,2013,2
0,386026.12,4,1,1476,2
0,478325.86,40,1,2945,4
0,95228.85,12,5,2867,5
0,84821.08,8,0,1326,4
0,223239.88,24,1,870,4
0,334448.87,23,1,1557,3
1,487855.51,35,2,527,0
0,465879.11,50,1,1906,2
0,7125.68,48,4,2108,2
0,239585.78,19,4,2761,1
1,365629.17,60,3,1417,5
0,367162.06,58,0,601,5
0,62853.67,2,3,2559,6
0,225756.48,6,2,255,4
0,293798.56,15,2,831,0
0,271514.09,29,5,2780,0
0,200239.69,32,2,2500,4
1,471984.07,59,5,1508,3
0,359402.07,28,2,1611,2
0,145901.93,23,2,1855,6
0,48361.32,47,3,1732,6
0,147873.84,52,5,1766,5
0,74086.01,38,4,382,1
0,155099.41,56,4,1403,0
0,379276.46,6,0,1707,5
0,210184.44,36,3,2939,4
0,103632.49,54,3,1215,4
0,25905.29,53,2,2427,2
0,281844.12,30,1,139,6
0,81241.86,20,5,2637,3
0,328637.42,58,2,1738,1
1,453862.63,42,1,146,0
0,249059.86,5,4,1511,4
0,284959.42,56,2,2602,5
0,487258.08,53,0,1558,4
0,13684.81,17,1,2412,0
0,163242.15,57,5,584,2
0,31179.72,24,3,2636,2
0,148478.82,34,5,344,4
0,384389.01,12,0,2482,6
0,274137.61,56,2,2835,6
0,139372.19,45,5,1514,0
0,292123.09,53,1,82,1
0,144301.79,50,3,1717,2
0,55696.84,10,4,935,6
0,398577.84,36,4,2854,6
1,423804.53,46,4,2906,6
0,211586.4,59,0,507,6
0,462087.83,31,2,1306,5
0,73811.92,29,4,2172,6
0,90242.54,20,0,515,1
1,429123.53,10,5,958,2
0,108871.3,6,3,2859,6
1,43478.97,50,3,1796,0
0,58369.6,51,5,2133,4
0,237195.76,59,2,207,0
0,335455.28,49,0,537,4
0,295863.51,13,1,2776,2
0,49935.76,55,5,1166,4
0,179340.62,55,4,2540,1
0,287266.5,7,4,87,4
1,359326.76,19,1,2230,0
1,462494.89,59,4,2928,3
1,350575.79,12,3,2788,0
1,418197.37,25,3,907,4
0,206751.1,49,2,536,3
0,262265.15,32,2,2916,2
1,362457.6,6,2,2052,0
0,145387.66,39,5,1307,5
0,116807.35,27,2,1782,1
1,447903.55,52,3,2811,2
1,11328.99,44,3,2782,0
1,221838.88,43,5,378,0
0,200431.67,45,4,446,5
0,37031.65,13,2,850,4
0,65767.27,54,3,3000,3
1,383584.42,50,4,2461,2
0,181268.17,43,4,1686,3
1,143050.86,50,3,472,0
1,247223.98,15,5,581,0
0,370210.19,54,0,2070,5
1,486175.91,25,4,2812,2
0,154862.54,40,0,343,5
1,384948.19,51,3,857,2
0,247673.93,17,4,1437,6
0,275576.92,49,0,1792,0
0,227807.18,55,3,1842,3
0,21265.6,36,5,1271,5
0,248282.41,9,2,2961,3
0,383185.51,37,5,2039,5
1,344260.21,37,3,1979,4
0,255809.1,26,2,2056,4
1,310385.14,23,2,1342,0
0,297279.39,9,2,1458,6
0,18315.42,58,5,1427,3
1,216933.35,23,3,1468,0
0,127568.9,42,2,2457,0
0,435125.28,8,2,725,0
0,166427.83,30,5,1760,4
0,451197.87,18,0,2880,3
0,16007.04,21,3,2366,3
0,288406.63,52,3,439,5
0,171303.89,33,5,1420,1
0,153262.84,28,1,2065,5
0,420988.34,35,1,1207,2
0,152173.53,37,3,955,4
0,360264.89,38,0,2454,2
0,38298.54,52,4,1976,3
0,176921.66,5,5,1266,4
0,219290.69,35,2,849,3
0,129376.07,33,3,2780,6
0,94397.42,2,5,2910,4
0,290537.43,14,5,1944,2
1,405422.07,55,3,2348,5
0,263523.44,24,3,635,1
0,374484.59,49,2,1813,3
0,430792.05,59,0,2626,1
0,137132.71,19,5,687,2
0,121884.27,16,0,644,1
0,126565.37,53,2,1931,3
1,495690.09,28,5,181,1
0,139992.42,2,2,1167,5
0,92112.68,55,0,2989,3
0,32387.0,58,0,1315,4
1,434250.03,58,3,1518,5
0,201463.05,54,5,605,1
0,287631.82,33,0,2167,5
1,475088.88,60,4,1061,3
0,122848.04,8,2,1378,6
1,369932.0,52,5,996,3
0,76417.56,12,1,1154,3
0,130881.43,38,0,2038,4
0,351310.78,8,2,2265,3
0,342955.53,18,1,1516,3
1,411575.86,2,5,2511,0
0,346887.82,51,5,1011,2
0,195421.66,41,5,1516,6
1,269780.79,16,3,1621,0
1,464116.16,59,2,1262,0
0,152224.34,56,1,1827,5
1,440336.29,50,5,1694,6
0,140648.08,6,3,1959,5
1,463616.12,22,5,1760,6
1,413078.43,45,2,2103,0
0,213330.91,47,4,1368,3
1,382177.85,42,5,782,5
0,396554.56,9,0,1671,1
0,160292.29,6,0,676,1
0,358214.15,50,5,562,6
0,344447.92,51,2,1879,3
0,134036.54,44,4,1371,6
0,103338.54,27,2,775,3
1,472654.79,57,4,949,0
1,461940.61,42,4,2596,1
0,487193.15,13,2,2902,6
0,29642.57,40,3,2489,2
0,49085.33,24,1,2353,0
1,360698.79,28,3,2789,3
0,116119.56,14,1,1120,2
0,194126.39,28,1,2487,1
1,364720.49,13,3,768,3
0,19242.69,17,1,2560,3
1,187970.68,44,5,1906,0
0,237096.4,56,2,2868,3
1,358101.29,46,3,2476,2
0,52163.31,4,0,1393,1
1,454572.14,39,5,2480,5
0,7653.69,33,4,1590,2
1,337274.7,9,4,198,4
0,133844.37,33,3,1419,3
0,49375.75,46,4,1803,1
0,62836.82,3,1,2074,6
0,375172.57,60,3,1188,2
0,415646.64,60,2,2147,2
1,446872.55,21,5,2042,6
0,280058.98,60,5,2637,6
0,31344.98,10,0,971,1
0,237772.53,11,5,1943,3
1,497624.86,60,3,197,3
1,494465.2,36,3,1904,3
0,423689.98,56,1,536,2
0,105848.19,19,1,719,5
0,412173.02,37,5,2428,1
1,499012.25,1,4,2367,1
1,460604.53,16,3,2802,0
0,17851.27,44,5,529,3
0,297217.56,7,2,659,0
0,232815.42,46,5,1995,3
0,299131.11,1,2,209,5
1,475693.5,21,5,2361,1
1,432323.03,52,5,1188,2
1,373181.0,36,4,1592,0
1,131306.13,16,3,395,0
0,85655.64,50,3,1197,5
0,64697.98,32,3,1300,5
0,69986.9,43,0,1535,4
0,247363.4,57,3,1981,2
1,302168.67,6,3,1538,4
0,219882.43,28,0,195,4
0,486769.54,44,1,2682,5
1,465680.47,34,5,2681,4
0,148898.0,28,0,1986,2
0,492172.19,44,2,1048,4
0,151263.41,4,4,343,0
0,58277.92,28,3,417,3
0,407348.26,23,2,2428,0
0,13053.0,48,5,1925,1
0,422240.36,3,0,1734,5
0,160403.45,47,3,2775,3
0,404877.86,22,1,894,1
1,374779.51,39,2,2788,0
1,269516.12,1,3,507,0
0,329621.48,30,5,1689,6
1,364326.15,20,4,2556,2
1,403297.16,6,1,583,0
0,60396.69,2,5,800,6
0,108568.59,42,1,2691,1
1,421834.41,55,4,811,0
1,386011.97,10,3,1758,0
0,87222.22,10,5,2907,3
0,238387.15,56,3,2427,1
0,150941.55,54,3,238,2
0,55818.44,55,5,1798,3
1,369853.77,39,5,2300,2
0,246310.77,32,4,2450,5
1,467964.07,58,3,979,5
0,266512.86,28,4,1323,4
1,137585.19,42,3,1968,0
0,313234.86,42,2,1866,5
0,15299.43,19,5,817,3
0,221864.79,33,1,2437,5
1,461259.12,55,5,2720,3
1,442170.83,47,5,1628,3
0,399006.47,52,1,2577,1
1,346895.29,6,5,2007,1
0,103744.69,39,3,443,6
0,471812.08,32,2,991,1
0,28289.42,2,2,1098,2
0,91483.82,56,4,160,6
0,172178.7,8,4,958,0
0,115927.34,17,2,1485,6
0,386196.97,36,2,649,6
1,304123.29,7,5,236,3
0,481510.32,49,0,463,6
0,306779.64,55,0,2333,0
0,57178.49,41,0,871,2
1,365532.89,46,3,2102,3
0,81376.39,24,2,594,0
0,222358.69,27,0,1034,6
0,173953.43,33,1,379,2
0,359023.87,27,2,2608,5
0,80047.55,49,4,1757,6
0,73307.19,28,3,1706,3
0,398330.64,24,0,1842,1
0,360224.74,34,0,377,2
0,203817.18,50,1,1807,0
1,380800.23,43,5,648,4
1,488977.82,46,5,2159,2
0,203991.39,44,5,2297,6
0,362167.77,21,2,62,6
0,450603.22,40,1,2898,3
0,323720.28,57,4,2587,6
0,327758.36,45,2,2687,3
0,441082.47,6,0,2231,2
0,363923.85,48,1,2161,4
0,110798.59,33,4,1308,4
0,379737.93,11,0,144,6
0,298289.28,16,2,1761,4
0,367333.15,54,2,1093,5
0,180464.31,4,5,540,3
0,288355.46,1,3,1418,1
0,284970.63,58,5,2755,4
0,120749.76,20,2,2761,6
1,337854.73,46,3,2158,5
0,57087.33,34,4,818,6
0,229883.25,10,5,1773,6
0,45563.85,4,3,562,3
0,225851.22,24,5,2185,3
0,281689.38,50,3,1110,4
1,320048.27,29,5,2035,5
1,412786.86,10,4,550,3
1,69045.67,46,4,2197,0
0,230439.03,3,5,672,4
1,461240.19,8,4,1703,0
0,187945.05,19,0,2171,1
0,188876.34,24,2,1234,3
1,396645.83,10,4,1757,0
1,445083.32,14,1,2032,0
0,276030.96,5,0,1740,3
0,158302.43,29,2,1575,3
0,70740.76,9,4,2636,3
1,335274.27,10,5,1362,0
1,333928.64,27,3,983,3
0,272792.25,43,3,1166,5
0,433647.02,46,0,2372,5
1,282716.96,8,5,2321,0
0,477808.32,35,4,246,4
1,98750.96,31,4,106,0
0,93972.98,2,2,872,1
0,224893.59,52,4,2515,2
0,296502.05,32,0,1422,3
0,210393.53,56,4,1329,3
0,50057.42,7,4,718,2
0,95421.12,50,0,661,2
1,340911.24,4,4,1362,1
1,358083.81,20,3,434,2
0,209347.29,21,2,1568,6
0,30679.67,16,4,2430,1
0,256767.53,33,3,501,2
0,162576.54,36,3,298,3
0,206709.43,15,0,1132,4
1,339173.23,16,4,2698,6
0,155783.36,27,3,373,6
0,105711.17,10,2,2243,1
1,271080.14,28,4,1880,0
1,407258.64,54,4,1214,5
0,5268.75,60,3,1149,4
0,420546.42,25,2,2619,1
0,421138.68,19,0,691,5
0,283725.38,20,0,1649,5
1,416096.56,47,4,1174,3
0,307170.43,52,2,2823,2
1,489921.97,46,3,1148,1
1,174106.75,30,4,1375,0
1,324989.43,1,4,1981,0
1,337989.67,27,4,2882,5
0,382420.29,35,0,2688,5
0,271631.42,58,5,1853,5
0,179732.39,53,3,2492,2
1,92707.39,50,5,64,0
0,188387.92,13,3,68,1
1,380418.39,44,5,1495,1
0,409059.01,41,2,2970,1
0,490158.96,24,0,1179,3
1,108497.73,13,5,1652,0
0,286705.6,32,1,2290,1
1,337726.9,39,4,748,0
0,68481.97,5,1,1093,4
0,441096.53,47,2,815,6
1,496015.92,45,5,2212,4
1,341936.78,57,3,38,3
1,427660.61,21,3,1696,2
1,341685.87,30,3,1510,4
0,442482.21,15,0,1168,3
0,227186.44,1,3,827,2
0,440648.74,52,0,954,5
0,479098.96,59,1,836,1
1,158848.9,41,5,426,0
0,218814.73,2,4,2595,2
0,127341.02,31,1,1425,6
0,411708.73,34,1,328,6
0,311685.45,49,0,2591,3
0,66789.05,4,0,1575,2
0,392409.89,4,3,254,2
0,314961.68,5,0,2805,0
0,30840.56,55,3,1675,0
1,377221.86,15,4,2732,4
0,229438.57,30,3,2570,4
0,173110.16,44,0,1889,4
0,295967.61,7,0,80,4
0,298478.82,54,1,2377,1
0,131861.62,27,3,2998,4
0,97032.09,9,0,277,1
0,294338.54,33,5,1495,2
0,443184.85,50,1,633,3
0,303648.1,19,2,63,4
0,330550.02,10,0,1002,4
0,430057.59,28,2,830,1
0,393705.58,22,1,2765,3
0,301882.34,22,4,2348,2
0,153317.64,22,1,459,3
0,250485.68,59,0,2646,1
0,235935.69,14,1,1999,5
0,404599.3,25,1,1669,1
0,184594.49,5,2,152,4
0,75488.98,29,1,2615,4
0,26732.89,2,1,840,2
0,113377.8,17,5,743,2
0,126752.31,13,0,751,6
1,455771.23,2,5,592,3
0,172499.72,14,2,1898,1
0,405696.45,43,1,2188,6
1,441423.58,57,5,297,0
0,441947.95,9,1,815,4
1,348705.18,21,4,1789,5
0,460901.73,49,4,2435,1
0,150620.46,10,2,1042,0
1,437061.49,55,4,2422,3
1,365012.78,51,3,2747,4
0,87879.6,25,5,2115,2
0,261851.72,12,2,2948,2
0,348782.29,46,3,1970,2
1,203468.3,59,4,2691,0
0,113665.51,13,3,990,3
0,156469.52,57,3,2370,1
0,130991.97,6,1,374,2
0,261816.26,15,4,198,3
1,312457.28,28,3,1945,3
0,186918.41,32,2,1148,3
0,93885.04,15,2,2673,0
1,451230.54,19,4,2130,4
1,394007.28,60,1,433,0
0,183317.26,35,1,1397,1
0,128761.7,48,5,1154,1
1,499007.87,55,5,2254,2
0,386187.66,19,2,1684,3
1,380114.01,1,3,2709,4
0,433405.73,15,1,2992,5
0,239846.93,34,4,2293,6
0,362642.62,30,2,381,2
0,217252.52,45,3,888,3
0,427207.34,2,2,599,4
0,156258.11,48,0,2077,6
0,173212.01,27,3,2838,6
0,382606.58,45,4,1257,2
0,16503.72,51,0,599,1
0,286254.49,52,4,2519,4
1,490185.2,14,3,290,4
0,98227.65,7,2,2362,3
0,51154.55,7,5,2294,1
1,414105.04,39,3,139,1
0,39398.06,25,2,873,1
0,331487.1,5,3,265,2
0,10468.31,21,3,1631,1
0,68923.15,27,3,311,3
0,69316.48,14,2,1800,6
0,83596.72,37,2,2436,1
1,359802.16,30,2,856,0
0,225637.13,53,3,2507,6
0,265298.97,59,4,2040,3
0,290185.71,48,0,1209,5
0,176657.01,54,5,1248,3
0,412597.65,55,1,1730,1
1,450482.49,47,3,1905,3
1,350768.41,7,3,2891,0
0,443343.2,11,2,2602,4
1,334995.19,5,5,2988,1
0,208582.69,49,4,526,2
0,378921.45,33,2,1709,3
0,130119.48,33,0,1923,0
1,321238.98,44,5,1921,3
1,374248.93,55,1,1654,0
0,129049.84,46,1,1369,5
0,244955.82,5,0,2276,5
0,358222.86,29,1,1958,6
1,421573.45,11,0,2516,0
0,150601.6,35,5,1630,1
1,337339.12,1,5,1149,1
0,182253.06,14,5,171,5
0,112002.42,45,0,2630,6
1,322301.03,46,5,451,3
0,224773.41,39,0,229,6
0,384721.55,60,1,1564,1
0,50236.28,27,0,89,2
0,341579.97,5,1,425,6
1,363385.69,3,3,2129,0
0,164726.39,41,1,2588,1
0,200556.64,28,0,981,1
0,181505.28,12,0,1677,5
1,10930.78,14,3,931,0
0,326722.77,24,0,305,1
0,154259.45,39,3,447,5
1,396673.59,60,4,732,2
1,301934.24,41,5,1621,5
0,169363.04,41,5,1332,6
1,38419.17,2,4,2426,3
0,257957.94,48,1,2092,4
0,120139.92,40,0,1295,1
0,379836.64,40,0,275,1
0,251869.61,13,1,1569,1
0,122841.66,47,4,1847,5
0,71462.17,21,5,192,4
0,325782.98,19,0,968,6
0,174650.57,14,4,251,5
1,401718.64,45,5,941,4
1,263128.6,12,3,2609,0
0,435584.04,5,1,243,5
0,469445.89,9,0,741,4
0,416454.33,60,1,997,4
0,215988.71,30,2,702,5
0,126237.85,12,4,1049,2
0,290328.81,41,1,1143,6
0,44607.91,24,3,1577,1
0,223481.16,33,4,1805,6
1,410703.88,51,3,111,6
0,216561.66,6,2,2467,4
0,278661.81,12,2,1588,3
0,229533.54,25,4,2512,3
0,169950.9,46,3,831,1
0,7069.37,56,4,1562,3
1,463217.08,26,5,1558,3
0,157366.36,38,0,1704,0
0,195488.88,37,1,825,6
1,478762.95,50,5,1457,4
1,319314.97,24,5,266,5
0,463626.78,48,1,1022,3
1,461126.93,24,5,2924,5
0,350248.35,42,1,1100,4
0,472411.28,10,2,1043,4
1,476130.23,54,1,80,0
0,323976.71,59,3,1658,5
1,487202.07,6,4,803,3
0,415726.03,17,5,1267,4
1,330950.6,25,4,1291,5
1,377468.81,60,5,394,0
0,389462.1,23,1,1131,5
1,465358.35,26,5,1291,0
1,409112.74,1,0,316,6
0,264856.18,42,2,1795,1
0,190452.44,46,1,841,3
0,253793.81,8,3,2352,6
0,96890.83,4,5,778,6
0,133379.2,58,3,1835,5
0,59051.75,41,1,356,2
0,191975.63,18,0,1431,0
1,121216.16,32,5,442,0
0,136709.97,1,5,2415,6
0,52936.72,34,0,1568,4
0,493513.94,49,2,2020,3
0,304163.92,22,2,2822,2
0,409339.36,24,5,1662,3
0,33334.56,23,2,440,0
1,435918.05,26,5,598,0
0,65832.8,34,2,2894,6
0,187372.8,40,5,2728,6
0,259882.43,43,1,42,5
0,13232.0,24,0,1363,5
0,120611.53,32,3,2539,6
0,177425.31,60,3,2726,6
1,368467.48,19,4,829,5
1,435580.07,57,4,2965,4
0,68291.37,51,0,1264,6
1,493673.71,30,1,1857,0
0,333007.84,16,1,896,1
0,57207.49,46,0,686,2
1,384322.87,15,5,1085,5
0,475994.42,43,0,2755,1
0,318606.35,32,0,2863,2
1,466231.08,50,4,294,5
0,191620.11,46,5,2999,3
0,483292.76,28,1,945,2
0,149033.37,8,0,1423,5
0,468919.27,48,0,2376,2
1,427398.5,25,4,36,2
0,297079.59,13,3,1765,2
0,399771.48,60,1,2158,5
1,297434.11,7,3,67,4
0,161383.48,53,2,926,3
0,77975.55,19,1,2755,6
1,301445.75,20,4,2850,0
1,498440.06,46,4,1989,5
0,250037.63,46,3,270,6
0,80587.61,46,1,951,5
0,461963.14,50,1,2026,5
0,153055.38,53,5,682,0
0,199181.36,28,5,1969,2
0,198576.23,34,5,1189,2
1,352048.79,36,3,428,1
0,377371.91,38,0,2936,2
0,329043.82,37,1,1839,5
0,149085.38,10,1,923,6
1,368982.85,1,2,2387,0
1,191395.12,28,5,719,0
0,181014.01,31,1,244,0
1,326798.41,38,3,638,5
0,126275.5,8,1,1654,3
1,345552.13,12,5,1567,6
1,389976.75,56,5,1595,2
0,186824.91,8,0,368,0
1,322497.62,59,4,951,0
0,288626.04,37,3,1151,5
1,398200.14,12,3,2013,5
0,152689.86,9,0,1362,0
0,96520.48,53,5,110,3
1,409644.11,51,4,2031,0
1,419386.25,35,5,2699,0
0,483012.12,58,0,770,6
1,349131.87,1,4,1861,6
0,65907.43,9,4,874,5
0,48471.36,17,0,376,0
0,152796.07,35,1,1762,5
0,127926.86,3,4,1231,5
0,225235.54,37,3,2877,2
1,455837.66,23,4,2234,4
1,345525.5,43,0,1001,0
0,75125.33,55,1,579,4
0,111939.78,23,2,556,5
0,213897.43,36,2,1097,3
0,203029.39,6,2,2801,3
0,270272.64,5,5,1133,5
0,358650.26,37,5,2683,6
0,304447.62,27,1,1325,6
0,192576.24,39,1,347,2
1,268077.73,44,4,1696,0
0,321887.86,24,2,1149,1
0,140455.16,7,3,940,3
0,392453.14,8,1,2186,5
0,296469.39,52,3,421,4
0,351725.49,56,2,2289,2
0,54037.75,4,1,1332,6
0,94432.88,52,5,2806,6
0,278077.49,57,3,1983,4
0,133235.21,44,4,2951,1
1,75621.72,37,5,1125,0
1,355213.7,16,5,2523,3
0,95636.74,23,3,2087,2
1,476545.08,34,5,967,2
0,473990.05,27,2,399,5
0,42963.14,16,0,706,4
0,46869.63,19,4,2048,6
1,481272.33,28,5,2113,5
0,242429.69,33,5,2802,4
0,205708.37,40,1,59,5
0,352782.9,48,2,1030,5
1,343618.66,3,4,1867,1
0,452380.32,12,0,1533,6
0,259273.82,4,3,2059,3
0,189775.43,8,2,2811,1
0,426134.64,55,0,1218,2
0,150304.79,14,0,2615,4
0,112644.28,20,5,2141,6
1,468030.12,58,4,2029,0
0,7916.1,30,2,1252,2
0,7551.43,57,5,792,3
0,9387.55,28,3,839,0
0,259587.71,10,3,537,3
0,82037.05,43,2,956,3
0,190283.19,24,3,776,4
0,58804.02,29,5,1829,1
0,180100.2,28,0,1501,6
0,59779.49,19,0,577,3
0,373242.37,58,0,686,5
0,474446.04,43,2,516,3
0,277311.22,52,5,2955,1
1,376789.5,50,3,2085,5
0,70051.75,7,0,546,1
1,252500.46,50,5,998,0
1,217684.2,39,5,62,3
0,148285.98,32,0,1786,1
0,80485.38,33,1,1051,2
0,432762.57,45,1,2759,6
0,103214.17,46,0,2901,5
1,307494.72,13,4,2606,5
0,118545.18,9,3,187,2
0,464903.67,28,0,2555,1
1,432853.3,25,3,2180,2
0,114778.74,28,3,281,4
0,323717.21,20,0,1132,2
1,471784.38,46,3,1041,2
0,94967.05,1,0,2735,5
0,109928.89,31,2,2514,0
0,96495.8,32,2,1399,2
0,52959.17,1,5,2290,6
0,168949.81,48,2,2442,4
0,188938.18,42,2,890,4
0,48179.43,7,1,2608,5
0,64575.4,38,5,810,1
1,463122.82,5,4,2565,2
0,364048.58,49,1,2215,5
0,26686.5,13,3,2284,5
1,446335.39,49,4,1452,2
1,316783.0,8,3,307,3
0,264262.57,33,0,713,4
0,349869.58,9,2,216,4
0,398223.24,45,1,1658,3
0,435776.58,5,1,1823,6
0,195154.46,50,3,1671,4
0,107427.68,1,1,2372,1
0,349877.27,57,4,1895,4
0,133123.14,55,1,1243,5
0,278314.71,11,1,216,4
0,149462.43,41,1,1167,1
1,437324.51,4,5,1049,6
0,269624.49,1,5,1453,5
0,486248.22,21,0,2919,4
1,362429.4,27,4,1237,2
0,314847.88,1,2,928,5
0,92483.94,2,4,2722,6
0,57689.15,48,5,1594,5
1,435662.77,41,4,2286,1
0,114216.32,18,1,2412,5
0,82042.53,15,5,1807,2
1,451573.23,6,3,773,3
0,408721.0,12,1,2363,3
1,325544.31,2,2,697,1
1,345246.58,13,0,617,0
0,126400.65,59,5,1678,0
0,72959.19,49,0,2501,0
0,195075.32,8,0,2669,0
0,127929.76,6,2,614,5
0,11680.97,1,0,2251,5
0,427096.51,6,1,600,3
0,446733.19,53,1,1289,2
0,81484.1,4,4,2864,2
0,65922.38,53,0,451,4
1,55770.21,57,3,610,0
0,16880.43,28,3,633,2
0,116812.77,57,5,1605,5
0,248451.18,8,1,446,2
0,42763.52,22,0,1506,0
0,304230.66,12,3,2202,2
0,94775.92,28,1,2763,5
0,314255.34,19,2,455,2
0,332557.2,60,2,2943,6
0,395483.78,56,1,2716,1
0,78151.19,29,5,1989,6
0,61016.2,28,5,1170,1
0,164911.44,9,1,1607,2
0,249632.21,31,5,1725,4
0,73419.53,42,1,1599,3
0,251065.64,35,3,2211,4
0,195390.49,38,5,1757,4
1,389413.32,52,5,928,5
0,121420.57,1,1,100,2
0,239593.54,9,0,274,2
0,425131.99,56,1,1237,3
1,418449.91,36,3,1023,1
0,32653.5,9,0,2879,5
0,191843.09,2,5,1769,2
0,352193.87,43,4,332,3
0,435886.1,2,1,1526,1
0,126297.67,1,4,1735,1
0,237533.54,9,5,2190,5
0,237741.33,47,2,1848,6
0,146950.69,10,0,2661,0
1,376810.8,33,1,74,3
1,341552.25,57,3,2299,5
0,459979.36,33,2,2935,1
0,466067.87,18,0,2166,3
1,372851.7,26,4,259,1
0,95928.42,48,4,2508,6
1,409196.62,30,3,1312,5
0,414490.57,11,0,1551,5
0,101391.64,7,0,348,2
0,390504.64,22,0,1011,2
0,273076.12,5,1,2475,0
0,97933.19,13,5,162,1
0,47094.48,37,4,213,4
0,27611.9,21,0,1294,0
1,377081.32,26,4,828,2
1,364215.62,9,5,2793,0
0,206606.85,48,4,443,4
0,16724.23,51,3,1983,4
1,148609.09,10,5,1926,0
0,476645.06,15,1,2821,5
0,385568.73,11,4,2144,5
0,327440.48,60,2,1862,6
1,172815.25,24,4,1794,0
0,123359.76,40,4,337,1
0,315755.87,32,0,91,1
0,275832.35,52,0,2073,0
0,160290.76,60,2,691,0
0,290373.25,23,0,321,1
0,132682.33,31,2,1840,5
1,470215.59,37,3,192,2
0,203464.91,55,4,2817,1
0,186532.47,55,4,1314,2
1,342689.44,33,3,1106,5
0,312203.79,42,0,1032,5
0,8931.76,55,0,1220,3
0,287216.19,55,0,943,3
0,336229.53,23,3,1948,5
0,450562.63,30,0,381,1
1,459142.87,60,3,1804,1
0,167716.72,21,2,2505,3
0,352633.97,31,0,1170,3
0,274815.2,31,1,2652,1
0,286262.25,39,3,285,6
0,395831.77,31,1,251,1
1,476559.28,44,3,1135,2
0,46377.69,5,2,1689,0
1,437519.07,29,3,2179,1
0,96118.75,4,0,1785,2
0,86443.97,23,3,2002,3
0,345971.09,11,5,1819,2
0,197623.29,1,4,2475,1
1,362748.22,38,4,622,2
0,12022.46,58,3,634,3
0,61235.4,44,3,1106,4
0,494178.11,54,1,2628,3
0,53235.8,14,5,798,3
1,388320.28,39,3,915,2
1,476426.56,44,4,88,2
0,13014.68,58,2,2086,6
1,351161.99,42,3,1725,3
0,179344.55,35,3,2172,6
0,61123.1,12,3,1784,2
0,278613.02,11,4,1815,3
1,423320.35,45,5,1821,5
0,352535.85,60,0,388,6
1,49370.78,2,4,1714,0
1,376222.12,40,4,438,5
0,254163.95,52,0,2764,2
0,109876.21,50,3,2289,3
0,101802.32,31,0,1466,6
0,209402.7,53,5,2912,6
0,8764.54,24,1,2108,2
0,440405.54,17,2,1728,5
1,7057.99,59,3,163,0
0,80920.8,24,4,2487,2
0,89353.32,37,3,1020,4
0,100366.9,42,3,241,6
0,217405.71,41,3,741,3
0,261052.15,28,1,437,5
0,254607.24,41,4,1635,6
1,419482.25,11,2,864,0
0,17691.91,1,5,2460,1
0,310959.32,35,0,2372,3
1,372458.11,9,3,2628,5
0,97344.81,42,1,1246,1
1,421026.11,47,3,1096,5
0,141107.59,60,1,2599,0
1,434134.83,8,3,2470,0
0,75208.52,17,1,410,0
1,423088.69,59,1,1630,0
0,398743.52,27,0,2022,5
0,109096.51,27,3,1314,5
0,405231.78,12,2,71,1
0,317450.63,55,0,510,2
1,244535.94,40,4,2268,0
0,263265.54,17,0,819,4
0,270297.32,34,4,654,1
0,61820.29,14,0,1371,1
0,46304.17,45,1,1126,2
0,103622.58,6,2,2930,4
0,236186.66,52,3,1816,4
0,461562.31,17,1,840,5
1,481126.29,7,4,2436,2
1,398079.27,47,3,1805,3
0,300183.24,18,2,2581,0
0,194607.69,13,4,1475,2
0,227454.68,57,0,2124,2
0,207855.09,39,5,2202,2
0,19820.28,12,2,1788,6
0,182083.54,5,1,2720,2
0,76794.64,21,0,69,2
1,359817.3,14,3,2354,6
0,449878.27,36,0,1609,2
0,110026.71,14,0,2327,2
1,473404.18,52,5,336,4
0,342655.3,28,2,1341,1
0,29581.57,32,3,221,2
0,64033.22,29,1,2493,2
0,194514.47,37,0,1197,0
1,494037.61,59,3,1194,1
0,23319.06,35,4,190,2
0,39379.79,7,3,2992,2
0,162008.88,23,3,356,4
0,249440.21,4,3,1252,5
0,249201.63,42,0,1561,4
0,19497.65,4,0,598,0
1,431387.44,47,3,957,1
0,99624.05,58,2,2231,0
0,133545.41,51,0,483,0
0,42145.88,22,5,2539,6
0,138606.47,11,1,2419,3
0,67512.91,56,1,2422,6
0,320267.31,43,0,2167,4
0,291052.94,43,3,1179,2
0,116786.11,17,2,2943,0
0,281465.04,56,1,2731,5
1,349007.71,5,3,276,1
1,336896.98,30,3,799,3
0,173522.82,53,4,2191,4
1,381441.54,20,5,1889,5
0,424664.45,7,1,926,2
1,487657.02,56,4,2133,1
0,98036.97,18,3,702,5
1,475989.82,37,5,448,1
1,438717.14,48,0,1015,0
1,97579.73,2,3,2741,4
0,179218.63,8,4,374,2
0,109972.68,26,4,1794,4
0,31312.75,18,2,430,0
0,367340.8,28,1,1234,1
0,92439.33,18,4,2518,3
0,219614.84,44,0,2677,1
0,113691.98,4,0,2386,2
0,37594.46,7,2,957,4
0,198994.5,7,1,2863,2
0,106824.16,51,1,1453,5
1,354397.41,19,5,42,0
0,254103.88,45,4,1982,5
0,427019.15,45,1,727,2
1,87489.5,22,3,610,0
0,216821.66,2,1,1110,0
0,341205.46,55,0,2463,2
0,293663.63,32,1,1965,0
1,410368.59,37,5,1220,6
0,265008.25,11,1,414,0
1,402926.85,22,3,2039,5
1,494947.59,17,5,2022,2
0,232081.63,53,2,1263,5
1,446229.35,50,5,2470,3
1,138619.04,34,5,2650,0
0,489425.53,55,1,2730,1
0,251426.95,16,4,2880,3
0,107122.22,6,1,1577,5
1,482899.26,57,5,2810,4
1,493729.17,57,4,746,2
1,444557.48,26,4,1739,2
0,99333.47,38,4,2904,2
0,65865.83,51,3,2351,6
1,147762.22,1,3,2837,1
0,342056.92,34,2,2585,4
0,155304.57,19,0,1237,0
1,25271.78,19,4,535,0
0,156381.64,28,2,2734,6
0,29701.51,9,2,1190,6
1,334336.37,50,4,665,0
0,75608.91,47,1,1799,4
1,148947.0,3,3,1482,1
0,214168.83,58,0,1100,2
0,158814.22,37,3,2810,2
0,73892.3,50,1,1054,1
0,279370.47,20,2,380,2
1,463923.73,30,4,781,3
0,52540.94,34,3,2873,2
0,467765.51,46,2,1948,2
0,235943.52,27,3,143,4
0,478958.42,27,0,605,4
0,394382.88,38,4,1558,1
0,273918.43,37,2,249,6
0,67338.24,43,0,1925,6
0,232809.27,4,0,254,2
0,170074.31,7,2,2346,3
0,432835.49,8,5,2424,5
1,370984.89,4,5,869,4
0,283214.38,32,1,945,5
1,153941.64,20,5,56,6
1,313713.64,13,0,305,0
1,303876.38,8,4,426,1
0,56285.48,2,4,1847,3
1,463392.0,20,3,2011,1
0,421651.8,35,2,2539,5
0,430360.37,40,0,1800,1
0,96479.89,53,5,2722,1
0,258199.92,45,4,850,3
0,148567.91,43,0,2441,3
1,335511.33,26,3,2887,6
1,234662.03,53,3,636,0
0,231255.73,37,3,75,4
0,21871.35,42,5,2569,3
0,454513.63,23,1,1946,5
0,142067.5,11,2,2080,6
0,109336.17,58,5,2180,3
0,36069.06,42,1,1471,5
0,172949.08,46,1,1170,6
1,462121.08,5,5,2011,3
0,304891.69,12,4,2932,4
0,133316.88,45,2,2441,4
1,294324.15,54,3,306,0
0,426755.44,11,1,425,5
0,252219.78,44,3,1355,6
1,490757.56,52,5,999,0
1,365440.76,25,3,293,0
0,128989.51,3,5,328,3
0,305233.98,54,0,742,2
0,350869.23,25,1,2640,4
0,103868.54,17,3,1822,5
0,116620.79,48,1,1807,6
1,405292.75,13,0,2414,0
0,105752.11,52,1,51,2
0,286306.04,56,0,1425,1
0,250606.86,54,1,2366,6
0,252920.89,23,4,2318,6
1,401789.97,29,3,2591,3
1,286730.45,9,4,1251,0
0,251862.56,4,4,2244,2
0,115890.51,19,2,1629,5
0,38636.65,56,1,1209,0
0,289801.16,55,4,2533,4
0,202613.73,4,4,2887,0
0,238134.46,59,2,2705,0
0,172332.4,17,1,1400,6
0,73947.87,36,5,1380,6
0,121630.51,5,4,2528,5
0,176193.56,5,3,2480,5
1,465034.98,57,4,1991,1
0,363048.24,7,0,2064,4
1,326916.8,28,3,1272,6
0,15614.41,4,0,833,4
1,430845.76,44,5,104,4
0,30809.51,50,3,2878,1
0,352162.2,36,1,503,3
0,449087.63,58,2,1470,1
0,221079.79,4,1,980,0
0,9974.58,27,5,2226,4
1,495514.67,1,5,1053,6
0,42922.78,9,3,769,2
0,160492.31,39,5,1030,2
1,305031.3,31,5,531,5
0,42807.05,35,1,2057,5
0,449331.89,55,1,1846,5
1,471006.36,50,4,1228,6
0,265787.87,18,2,2888,4
0,56667.19,23,3,2919,4
0,143493.0,14,1,2163,1
0,372244.79,14,0,1555,5
0,22754.5,16,5,1833,5
1,476757.26,2,3,168,2
0,296178.88,20,0,274,2
0,195048.45,2,3,1605,3
0,116101.98,25,1,2733,3
0,30868.53,20,0,2248,6
1,468925.83,59,4,1407,6
0,406070.62,38,1,142,2
0,219867.63,28,5,263,6
0,278880.61,47,5,1207,6
0,234433.76,37,5,2357,6
0,133749.85,25,3,1005,1
0,143946.56,44,2,380,1
0,151433.33,37,3,188,4
0,184038.96,43,2,2704,6
0,11107.86,20,4,2736,2
1,424558.37,29,3,100,3
0,235887.55,23,3,2642,6
0,112832.04,4,4,355,2
0,277966.7,5,3,766,2
0,133472.7,32,1,961,5
0,77716.38,40,5,233,1
1,329027.41,12,5,2105,6
0,292045.9,3,4,2968,1
0,476093.38,17,2,96,5
0,272518.47,3,4,991,2
0,43352.18,29,0,2123,0
0,106000.75,37,2,2819,3
1,322734.08,57,2,616,0
0,305448.54,24,2,1701,5
0,237989.09,19,4,157,1
0,27082.24,60,1,2451,0
0,306473.88,52,2,2122,5
0,392816.24,46,2,910,3
0,21136.77,47,1,1590,6
0,477813.78,60,1,2345,4
1,317010.57,47,3,2237,5
0,424559.56,34,0,2516,3
0,262566.32,21,2,828,6
0,150067.33,16,2,1025,6
0,119290.9,21,5,502,5
1,225278.71,57,3,1512,0
0,282426.28,5,2,2706,3
0,119023.17,51,3,971,4
1,463229.89,16,3,2791,4
0,304745.1,51,2,1429,2
0,45345.45,27,4,637,4
0,318151.73,50,1,766,3
0,87551.62,27,2,2301,5
1,372712.73,9,0,1797,0
1,495017.07,9,4,2198,3
0,180412.05,26,5,2311,1
0,63919.67,58,2,2452,4
0,58347.04,47,0,332,5
1,475209.93,59,3,2613,3
0,148199.12,31,5,581,5
1,363235.2,38,4,373,1
0,298808.88,24,5,2689,3
0,163616.25,12,4,2989,4
0,472660.21,7,1,1247,3
0,28902.53,34,4,2404,4
0,146202.31,25,2,760,1
0,407923.65,48,5,892,3
1,142736.83,57,4,1317,0
0,145971.52,8,2,1151,3
0,115698.51,11,2,1092,4
1,462635.35,43,2,607,0
0,278320.9,33,1,142,4
1,480129.07,35,4,829,0
0,417089.72,2,2,862,2
0,216118.77,29,4,546,6
0,150996.08,8,5,2923,6
1,224980.51,28,3,1107,0
1,496573.24,47,5,507,2
1,373417.38,15,5,334,2
0,255994.79,18,3,2613,5
1,337680.33,5,5,2847,2
0,219521.92,60,5,2165,2
1,421508.37,43,5,175,5
0,126727.3,38,3,931,5
0,136316.59,10,3,796,5
0,144886.84,13,5,393,4
0,6582.87,5,3,2314,4
1,356445.3,3,3,2847,2
0,193243.66,38,1,2642,2
0,267578.26,12,2,979,2
0,247659.88,41,3,2478,2
0,243074.73,7,1,490,6
0,212699.04,29,2,1043,5
0,62330.49,30,2,2735,0
0,349999.45,46,1,2011,6
0,302524.1,44,1,148,2
0,256206.26,57,3,279,4
0,134494.6,21,3,1633,6
0,215473.64,17,0,1129,3
0,173221.57,53,0,1293,3
0,114548.47,57,1,2225,1
0,474199.51,40,4,1380,1
0,272184.82,47,0,1583,0
1,456553.14,50,4,289,5
0,261731.25,24,4,842,1
0,200785.51,46,1,1218,6
1,455773.62,22,3,913,4
1,470306.83,3,0,2186,0
0,201979.02,32,0,672,2
1,17000.96,41,5,1042,0
1,376208.12,53,3,2714,3
1,410056.46,57,2,377,0
1,254732.28,46,5,1731,0
1,372612.73,35,4,651,0
1,397346.9,13,4,1308,6
0,215450.59,48,0,1267,2
0,105320.01,17,5,2390,3
0,149163.13,6,1,1694,4
0,244258.01,59,5,2214,4
0,194292.13,32,5,1642,2
1,358716.47,29,1,2396,0
0,386746.87,29,2,1982,4
1,323195.19,22,1,2610,0
0,282638.28,14,3,2460,1
0,74958.63,40,3,2173,5
1,381487.89,4,3,1062,3
0,371553.01,54,1,179,2
0,301371.39,56,0,1128,5
1,378743.78,51,3,2264,3
0,479940.27,16,2,1919,5
1,259643.4,55,5,363,0
0,351131.5,25,1,85,1
0,375333.64,11,1,1822,6
0,24335.66,28,3,729,5
0,246160.72,48,4,1742,3
0,151891.76,28,2,2978,5
0,263627.65,40,2,2339,5
0,75051.21,34,5,867,6
1,476237.7,24,4,2506,2
0,234125.68,60,2,2979,6
1,86297.91,46,3,70,2
0,93716.76,31,0,52,2
0,103637.48,7,4,1908,2
1,35248.36,30,4,670,0
0,319990.05,57,1,1442,5
0,464300.35,18,2,1775,4
0,186801.03,50,3,1073,4
0,322591.68,13,0,2457,1
0,366675.75,18,1,1106,4
0,67718.52,34,4,2671,6
0,168429.29,50,4,2507,2
1,335905.97,31,1,718,0
1,494598.18,6,4,630,1
0,240354.68,1,2,348,0
0,258294.11,29,3,2753,3
0,154766.37,49,0,1016,4
0,191768.23,25,5,1973,2
1,420131.47,21,4,350,4
0,477903.26,41,2,2943,1
0,282440.5,32,5,1056,5
0,281163.02,28,5,1456,1
1,433738.53,55,3,2774,2
0,110821.08,36,1,1596,2
0,466930.26,1,1,1840,2
0,101469.86,38,2,1375,0
0,458324.51,33,0,2515,2
1,325372.97,42,3,1661,0
1,140716.05,4,4,154,6
1,498629.63,41,3,2038,1
1,376218.32,42,4,455,0
0,19274.3,58,5,657,5
0,436102.04,9,0,1748,6
0,32743.76,41,5,285,2
0,429655.7,18,1,2713,4
0,169669.17,44,2,2935,1
1,362457.09,24,4,88,5
1,211107.47,43,5,281,0
1,413398.53,33,1,1122,0
0,224482.44,18,4,843,5
0,207579.5,41,5,43,2
0,282476.9,8,2,1939,4
0,285263.7,30,0,506,0
0,366127.44,12,2,2451,5
0,384527.67,51,0,920,5
0,232872.8,57,5,1040,2
1,374967.17,48,1,1301,0
0,354427.41,12,2,605,4
0,209921.47,54,1,1147,1
1,489742.71,17,5,1830,2
0,247493.4,38,2,1458,6
0,227588.21,41,5,728,0
0,195911.94,35,4,892,5
0,176726.16,52,5,1212,1
1,351328.64,33,4,1131,0
0,387837.45,17,1,1945,2
1,461350.09,34,5,2615,1
0,74208.56,38,2,1554,4
0,330860.88,58,0,1350,5
0,316588.68,56,0,680,3
0,170682.68,42,0,796,2
0,85559.09,35,1,119,3
0,230940.61,37,5,1811,5
0,239418.18,16,2,2992,2
1,172249.74,44,3,1259,0
1,382770.63,58,4,471,3
1,388165.86,37,3,2459,0
0,258541.15,60,2,2474,5
0,103238.76,37,1,562,5
0,395341.86,4,0,1296,6
1,401737.36,30,3,707,3
0,331011.26,13,1,1264,2
0,96373.86,55,1,1818,0
0,81298.28,36,2,50,3
0,175632.37,31,4,2843,3
1,456852.36,43,3,1928,5
1,382712.81,7,3,556,2
0,202942.36,21,2,2793,5
0,300484.74,35,0,1450,3
0,18313.65,57,4,759,6
0,187720.62,22,4,36,4
0,377083.81,59,0,2674,1
0,252475.1,3,1,1266,3
0,173095.39,42,1,1773,1
1,158990.58,44,3,172,2
0,93861.39,26,5,2149,6
0,235136.74,6,2,2840,5
0,329654.96,26,0,688,2
1,289467.69,25,5,1892,0
1,328639.53,43,3,1760,6
0,154962.48,17,5,2627,0
1,404526.92,59,3,2086,2
1,357451.62,55,4,1524,0
1,490463.58,35,3,2793,0
0,8443.58,60,5,2447,2
0,259873.66,40,5,1893,3
0,235057.77,3,0,2035,3
0,29786.39,39,5,1542,2
0,172043.56,19,0,2253,2
0,150153.64,27,0,1859,2
0,319811.44,39,0,1493,5
0,267977.92,26,1,747,0
0,51813.42,47,1,2622,3
1,446894.76,23,3,2852,4
1,459793.69,58,5,2174,4
0,25117.29,21,2,186,1
0,488537.45,41,0,1594,4
0,172197.51,41,5,1266,3
0,16079.82,48,2,2985,5
0,419242.39,28,0,814,4
1,497484.61,40,4,2238,6
0,348657.28,4,2,2378,3
0,381555.93,28,2,2851,6
0,142042.64,43,0,2506,3
0,340713.08,18,0,1697,1
0,392115.03,43,1,1155,2
0,301544.33,41,2,427,1
0,13946.1,21,1,291,4
0,365441.17,39,3,2438,3
1,167732.25,25,3,2314,0
0,173595.01,23,3,651,3
0,109265.51,45,1,2786,3
0,204454.42,43,4,351,5
0,282856.24,23,0,880,5
0,187749.77,19,2,1879,5
0,19634.46,40,4,712,4
0,284621.76,27,0,1192,4
0,494891.72,25,4,569,3
0,474665.45,8,0,1650,1
0,496104.8,37,2,761,6
1,384602.95,48,3,2283,3
1,376884.06,27,4,1172,2
1,316986.45,43,5,2623,6
0,253640.81,35,3,952,6
0,249942.44,30,2,1870,1
1,203026.91,1,4,1398,6
0,329814.35,44,0,1600,4
0,487252.46,27,1,2636,0
0,115975.34,40,4,2091,0
0,287439.43,27,0,1361,4
1,87397.14,41,3,2833,0
0,16246.16,39,5,1624,4
0,432401.94,55,1,1905,2
0,91729.44,60,5,848,2
0,150026.05,58,0,877,4
0,232300.5,44,4,1847,1
0,486538.62,33,5,485,6
0,419748.35,56,1,1032,3
0,8407.24,3,5,2802,3
1,497789.6,56,3,318,6
1,478999.53,57,5,2230,0
1,325309.22,35,5,127,3
0,414738.15,4,2,1661,6
0,184869.77,46,4,2607,5
0,217151.33,8,0,627,6
0,380180.51,38,0,2987,1
0,209382.06,22,1,1025,6
0,108992.07,7,2,2659,5
0,231829.8,46,3,1032,6
0,174509.24,45,3,1384,6
1,351283.03,37,2,2464,0
0,78271.87,19,0,935,2
0,184548.5,19,2,2962,1
1,318777.82,31,5,1831,5
0,81448.44,52,5,556,1
0,149704.78,25,2,2638,1
0,426204.98,38,2,637,4
0,133413.48,47,4,2146,3
0,311137.7,11,2,2667,1
1,427042.18,21,4,1563,3
1,325946.37,56,4,2004,1
1,449081.14,1,5,295,2
0,158107.6,15,1,1169,4
1,326748.35,23,3,1911,4
1,420788.68,55,4,965,5
1,184962.36,3,3,2595,0
0,256171.17,18,4,2220,6
0,436944.73,52,0,1859,4
0,127746.11,17,5,778,5
0,118028.27,46,3,756,0
0,136552.85,18,0,808,5
1,453539.78,9,4,1270,0
0,117655.19,38,4,1984,3
0,270782.15,51,0,1336,6
0,102230.79,8,3,371,3
0,54438.57,38,1,2480,3
0,286817.99,38,3,486,5
1,389810.95,13,4,2630,4
1,496157.66,17,3,2493,2
1,317408.46,22,4,2009,4
0,475960.67,20,2,2209,1
0,141267.73,36,4,1294,5
0,60177.68,49,1,2027,0
1,447216.76,33,3,2060,1
1,37451.94,28,5,1277,0
0,174503.7,44,4,778,1
0,382612.06,14,2,2085,2
0,384378.16,31,0,2834,2
0,109094.5,44,1,1356,1
0,384366.7,51,1,676,4
0,166212.22,34,3,2706,4
0,390978.68,18,1,1106,3
0,188541.61,20,2,1479,6
0,227605.4,28,4,1641,6
0,7807.9,26,0,1704,2
0,487617.95,50,2,109,6
0,108261.48,46,2,1237,6
0,16721.1,28,3,1364,4
0,370813.39,52,1,2559,4
0,428919.7,7,0,1025,1
1,362810.33,47,4,1954,0
1,345461.48,59,5,2024,1
1,493529.95,38,3,272,0
1,321616.19,18,4,1543,3
0,59960.24,9,5,333,2
0,413033.8,56,1,2445,2
0,103997.18,6,3,1034,2
0,275559.65,43,2,2310,4
0,346337.21,9,0,2894,5
1,478814.07,24,3,909,1
0,236821.57,30,2,1394,1
0,131402.1,48,0,604,0
0,216528.81,52,3,226,6
0,34841.75,33,2,96,4
0,497848.96,33,2,2236,3
0,289533.66,41,0,339,4
0,487242.63,50,0,2208,1
1,423918.17,6,4,1948,4
1,377194.14,50,5,1795,6
0,235529.01,57,5,653,5
0,41147.76,42,4,1421,3
1,391650.89,48,3,117,3
1,150437.82,40,3,107,0
0,164580.23,10,2,942,4
0,268520.32,42,5,850,6
1,463051.49,58,5,2392,1
1,387631.04,14,2,773,0
0,269043.91,55,0,551,4
0,477556.99,21,2,972,5
0,104842.21,11,3,1140,1
1,387310.94,2,1,1830,0
0,17584.82,56,5,884,3
0,226172.13,26,1,872,6
0,297157.51,8,0,747,4
1,363636.58,8,1,888,0
1,371617.79,23,5,1327,3
0,109112.09,6,4,1503,3
0,256823.95,30,0,59,3
0,203152.63,55,0,1482,2
1,419084.64,28,5,1261,1
1,326964.16,52,3,1960,0
0,366166.41,58,2,215,1
0,92792.4,1,1,2154,1
0,349059.75,49,0,280,4
0,433840.81,43,2,1552,4
0,412509.1,27,1,745,4
1,372273.5,52,5,773,2
1,394345.61,2,3,865,2
0,314529.68,59,2,2577,2
1,392718.1,22,0,1957,0
1,457220.58,3,4,1574,6
1,362648.74,11,1,440,0
1,449108.4,6,3,301,0
0,234894.49,27,4,1833,1
0,405665.43,1,2,1980,3
0,68458.31,43,4,1527,4
0,241505.97,48,4,833,1
0,259793.35,52,1,953,5
1,372876.69,46,3,1186,4
0,128640.5,17,1,2730,2
0,356677.93,30,5,2449,4
0,290697.72,57,2,569,2
1,190511.5,10,4,170,5
1,317780.71,51,1,776,0
0,319142.17,54,1,693,3
0,10797.69,31,3,1438,1
0,205800.14,14,3,2574,2
0,222732.18,48,2,2714,6
0,462323.39,22,1,1075,2
1,387143.86,30,5,425,5
0,382818.32,17,0,1526,3
0,482553.01,9,0,960,3
0,64537.48,46,2,547,6
0,156980.05,28,4,369,6
0,95393.13,53,4,828,1
0,389076.12,13,5,1479,4
1,391069.16,37,4,2180,0
0,184514.79,15,5,2204,1
0,83581.15,44,1,2630,5
0,116997.46,60,5,652,4
0,214887.79,13,2,230,3
0,197937.34,34,3,1981,3
0,72379.34,20,0,336,2
1,335719.48,14,5,2541,4
0,34315.0,27,1,618,3
0,383473.5,52,1,1632,6
1,324811.89,26,4,822,1
0,39913.16,18,1,1674,0
0,472448.85,10,1,1846,1
1,381489.37,1,5,510,4
0,264499.27,50,5,2481,3
0,331908.61,20,0,2246,5
0,229911.88,5,5,1428,2
0,193843.35,58,2,492,5
0,215825.73,11,5,2862,6
1,380437.47,15,4,452,0
0,480068.55,56,2,1018,6
1,419171.01,28,3,262,5
0,433257.79,18,5,1159,2
0,167770.69,43,2,1490,0
0,55059.84,52,3,1024,4
1,114587.13,28,5,1118,0
0,282532.03,54,4,1569,4
1,435844.76,43,3,202,4
0,297219.8,51,5,433,4
0,63149.31,49,1,1507,4
0,213805.52,26,5,193,2
1,426855.35,37,4,182,3
0,336188.84,2,1,2352,1
0,317108.03,22,0,1227,3
0,365883.4,55,2,1498,6
0,179427.33,16,2,1856,6
0,165633.64,45,5,1107,6
0,108643.6,50,4,2685,2
0,377892.98,50,1,2077,6
0,170212.82,40,4,962,2
0,55142.59,47,0,2649,3
0,312790.86,41,1,1597,1
0,428708.12,32,2,1410,6
0,448411.21,49,1,720,2
0,60182.9,38,2,2103,5
0,151620.83,36,4,758,3
0,349339.86,13,0,400,5
1,457775.17,43,3,1108,1
0,268749.74,26,1,1607,0
0,308642.91,6,2,950,3
1,126722.28,10,5,1151,0
0,116111.96,45,1,1034,1
0,325708.05,14,1,80,2
1,482472.29,55,4,2009,6
0,210190.29,36,4,817,3
1,424712.86,38,3,2599,4
0,374662.43,46,2,1109,3
0,185434.69,60,1,1341,4
0,43135.02,45,1,1347,6
0,398800.75,38,1,425,6
0,355635.19,35,2,459,6
0,117773.09,23,5,2905,5
1,411433.38,15,3,1132,4
0,232818.24,29,3,2450,3
0,476816.19,11,0,2323,3
0,326887.4,58,2,1982,6
0,36569.53,23,0,2974,2
0,129745.98,58,5,142,5
0,247950.86,46,1,1653,1
0,158363.51,45,5,1277,2
0,287079.4,57,4,1697,1
0,490188.38,38,2,57,4
1,357496.29,23,4,520,6
1,308855.98,34,3,690,5
0,128155.77,39,1,772,0
0,365690.22,22,0,415,3
1,351959.66,44,3,1699,3
0,73562.2,22,1,422,2
0,92818.42,28,2,2076,0
0,133950.26,13,1,1468,5
0,173161.48,49,0,2175,2
1,440254.12,4,4,272,5
1,52267.71,1,4,81,0
0,195452.99,2,4,2337,2
1,478077.29,13,5,2573,3
0,269930.93,23,0,2828,1
0,190213.31,12,3,2923,6
0,256127.72,53,3,154,4
0,467970.06,57,0,1306,2
0,177781.74,12,4,2153,1
0,251337.27,39,1,2541,2
1,464660.2,36,3,1864,0
0,37404.47,16,2,609,1
0,98228.39,26,0,1497,0
0,406399.14,59,5,2928,6
0,53896.28,34,0,2747,5
0,456374.18,37,4,2906,4
0,200121.53,35,5,853,2
0,72060.46,49,1,1229,5
0,205097.85,25,0,2038,0
0,56637.66,36,3,2527,3
0,251319.23,51,2,2831,5
0,266137.31,3,1,395,2
1,375186.44,37,4,740,5
0,370932.24,35,0,223,2
0,98178.31,35,0,2832,6
0,370577.34,34,1,2113,2
1,455777.74,7,3,790,1
0,41116.92,14,3,876,4
0,12718.39,60,3,873,5
0,462534.56,1,1,2731,6
0,492278.97,25,1,1552,6
0,27154.61,10,4,1038,4
1,441562.67,28,5,2366,5
0,106413.76,57,5,1146,3
0,210864.25,27,3,1169,6
1,409278.7,32,2,2488,0
0,25690.68,50,3,557,5
0,39909.56,8,0,680,6
0,37917.66,35,2,715,5
0,477882.02,46,5,1661,2
1,146787.28,55,4,1101,0
0,200478.59,57,1,384,4
0,104390.14,34,0,1950,3
1,60146.28,3,3,785,0
0,124667.16,40,2,1824,5
0,223801.79,50,0,2745,4
0,385431.86,47,2,209,4
0,474551.76,22,2,748,2
0,104321.4,42,0,1632,3
0,473676.54,33,0,952,1
1,171264.87,47,3,133,6
0,39344.53,16,4,2194,2
0,84743.51,36,2,262,0
0,207912.46,35,0,2563,5
0,363419.28,21,2,187,1
1,343736.72,1,3,44,4
1,407784.5,50,4,520,6
1,382277.24,3,4,2264,0
1,326187.0,59,3,2370,5
0,144821.88,40,3,1871,5
0,343026.18,40,2,1443,5
0,242168.9,58,1,1890,4
0,115800.72,19,5,744,3
1,441559.06,24,5,115,3
0,76271.97,30,3,2940,4
1,493807.24,9,5,1475,1
0,213464.62,27,3,1882,3
0,234440.99,22,2,2755,3
0,363037.32,14,1,918,5
0,286351.36,56,5,2730,6
0,184890.38,30,4,1702,2
0,110689.27,10,3,475,4
1,153658.54,54,4,1718,0
0,112503.18,36,1,2731,3
0,218732.99,29,0,2872,1
0,285859.49,12,2,2817,4
0,322412.88,37,1,647,3
0,236946.98,56,5,564,6
0,161526.23,60,4,2203,5
1,339713.76,51,0,381,0
0,460485.04,56,0,1387,6
0,160080.47,58,2,861,5
0,479188.51,20,0,1516,4
0,293807.02,54,3,1975,2
0,148421.82,7,4,684,1
0,210517.01,35,4,1708,1
0,278399.0,31,5,1181,5
1,488181.74,43,1,1852,0
0,72121.38,25,3,1583,3
0,384733.36,38,5,1514,3
0,288095.57,29,0,2044,5
0,175195.27,22,0,1545,0
0,71796.98,20,5,1642,1
1,496483.92,51,5,837,5
0,149712.98,51,0,1482,4
0,12897.99,58,4,1741,1
1,426370.15,13,4,1177,4
0,247356.48,58,1,243,5
1,351754.87,17,3,1803,2
0,140054.09,49,5,1906,5
0,169794.84,3,1,2586,0
0,14510.02,25,1,1955,3
0,22811.66,44,2,2884,3
0,186562.98,33,3,1697,5
0,70508.37,23,5,1101,4
0,246971.06,18,0,1872,5
1,403710.21,59,2,2114,0
1,406323.77,52,0,1025,0
0,189827.2,10,4,1000,6
1,432526.75,1,5,85,5
0,435729.0,40,0,669,4
1,317346.44,22,5,463,4
0,32802.38,9,1,362,1
0,360535.93,6,0,1803,6
0,109058.43,46,0,1614,2
0,100356.1,53,1,2930,3
0,354605.62,31,2,2799,4
0,224045.58,33,0,355,1
0,135314.49,57,4,2386,1
0,352919.71,5,1,796,6
0,379361.69,15,1,1646,5
0,151876.15,27,4,2653,2
0,216129.04,53,2,1016,4
0,329146.87,44,2,1182,6
0,37003.4,5,3,1439,5
1,311823.47,53,3,357,5
0,10939.48,48,5,391,2
0,386836.12,59,2,2889,5
1,340706.8,5,4,1104,5
0,228139.54,48,3,1547,3
0,382889.18,21,4,809,1
0,89423.71,45,2,1708,3
0,165562.05,51,3,1929,6
0,228827.32,10,5,1609,3
0,437314.07,51,2,1592,6
0,202712.03,1,3,2740,1
0,298503.9,12,1,418,0
0,238782.67,18,2,840,0
0,199154.79,20,4,1167,1
0,245834.71,47,3,1802,3
0,246234.36,43,0,1477,0
1,476710.41,46,3,2519,2
0,121400.45,32,1,1735,3
0,478644.07,41,1,1416,5
1,343608.5,28,4,529,4
0,267170.18,22,5,1559,6
0,187935.93,31,0,102,3
0,211415.29,14,2,2849,1
1,318766.36,58,3,1179,4
0,290723.8,22,5,826,1
0,391889.59,37,1,2930,4
0,122323.85,53,1,2031,4
1,445825.74,21,4,421,3
0,313685.46,6,4,2040,3
0,450713.12,47,2,304,3
0,389829.44,51,2,2945,1
1,424647.53,4,3,1040,1
0,166971.12,53,4,2006,4
0,392923.71,21,3,1316,4
0,104028.88,52,5,800,4
0,64579.4,47,0,828,4
0,144815.85,51,3,1762,5
0,152597.62,14,1,1242,0
1,327559.31,49,3,352,2
0,389019.47,10,3,2593,3
0,82704.32,29,2,471,2
0,141594.98,46,4,1886,2
0,295307.77,21,0,537,0
0,278524.69,24,1,1321,6
0,277312.92,41,3,2677,2
0,93109.22,40,0,2666,2
0,284980.36,37,0,2125,0
0,250854.92,60,0,603,1
0,263776.39,46,1,406,6
0,486298.12,22,0,1720,2
0,248765.57,35,0,2179,3
0,348820.37,36,0,878,3
0,62048.33,59,2,961,1
0,324155.5,36,0,244,5
0,241953.15,3,1,982,1
0,252789.02,21,3,2628,5
0,14531.59,49,2,2046,0
0,277265.39,3,1,2445,0
0,118605.47,32,0,1461,5
0,292883.69,24,4,702,3
0,80366.65,1,5,2580,2
0,280350.05,33,3,684,6
0,378314.88,17,2,831,2
0,199353.06,42,2,1879,0
1,303667.09,42,5,2126,6
0,106272.08,8,0,1617,6
0,372692.64,56,1,849,6
0,369172.75,20,5,2791,1
1,409840.84,24,3,252,5
0,285589.06,57,2,918,4
0,158401.27,14,1,1397,1
1,473663.56,25,5,1370,3
0,302897.42,11,3,1996,4
0,146244.53,43,1,348,4
1,442784.12,55,0,2566,0
0,473659.62,60,0,1272,3
0,365730.37,11,0,249,2
1,324657.2,28,5,1557,0
1,211656.08,2,2,173,0
0,75209.85,30,1,522,5
1,440743.83,60,3,745,0
0,47617.16,16,3,2404,5
0,140201.6,2,5,2336,3
0,367059.84,10,1,296,3
0,19799.57,32,3,1937,3
1,486589.02,37,0,2719,0
1,356401.36,47,3,860,6
0,17084.37,18,1,991,5
0,406125.19,42,0,2336,6
0,281677.48,45,3,978,5
0,146825.97,6,4,1534,3
0,274572.42,24,5,1550,5
0,272679.67,21,5,2648,2
0,91111.55,26,2,1944,2
0,78078.43,44,3,2797,4
0,183362.78,28,0,2496,2
0,169738.02,23,5,1941,3
0,431590.98,11,0,1436,4
0,301402.31,35,5,683,6
0,74063.04,53,1,2869,3
0,412604.47,57,0,2083,4
0,262186.58,37,0,1073,4
1,371157.08,44,5,1401,3
0,166116.21,54,2,2276,3
0,330161.49,26,1,2393,2
0,345461.47,7,1,2653,5
0,82072.08,45,1,2963,0
0,400967.93,32,1,325,5
0,124707.51,26,2,887,4
1,476017.53,13,0,96,0
1,64932.39,12,5,322,0
0,229036.68,8,3,1494,5
0,10231.38,39,2,1435,3
0,108181.96,28,4,2445,3
0,298701.41,44,3,159,3
0,178990.99,17,5,1969,6
0,377694.39,50,0,1761,5
1,312014.7,23,5,2038,0
0,24142.43,32,0,1975,2
0,50564.18,16,5,2961,5
0,230069.67,48,2,1018,4
0,21999.36,20,4,2913,6
0,112194.9,27,0,72,5
0,298747.39,44,0,2103,3
0,253525.94,30,2,2885,4
1,401647.3,35,5,2996,0
0,294902.23,45,4,2041,1
0,150227.79,11,0,1219,4
0,216232.14,44,1,344,1
1,245692.49,1,3,2708,1
0,26717.96,12,1,1422,6
1,423541.52,15,5,1851,6
0,55261.17,9,1,2508,4
0,221858.16,24,5,1791,0
1,449356.29,24,5,2256,0
0,239460.71,18,3,2312,5
0,38134.58,6,2,2752,2
0,203656.85,59,1,593,0
0,85187.68,37,1,2752,1
0,331631.67,35,2,2312,2
0,38075.35,51,5,789,4
0,62345.66,3,1,859,1
0,70941.34,45,3,75,2
0,257547.03,1,0,2178,5
0,294858.56,1,2,591,2
0,430989.91,52,1,802,5
0,241746.34,14,0,736,3
0,318531.3,35,0,628,5
0,429633.59,10,0,1986,4
0,285247.92,16,5,1723,6
1,469116.23,53,2,1694,0
0,26239.91,21,3,143,1
0,198434.23,39,1,551,3
1,474947.01,33,3,2676,6
0,124463.6,34,2,2066,6
0,219207.06,2,3,301,4
1,353714.82,50,1,2657,0
0,142307.77,18,3,2693,6
0,155230.96,35,4,1369,2
0,258162.78,25,5,2444,5
0,462109.73,39,4,2737,6
0,72947.33,22,0,2862,3
0,268705.86,40,5,287,2
0,467409.63,56,2,2464,4
0,159960.56,58,2,1010,4
0,177514.04,20,1,1402,4
0,142868.46,39,3,2773,5
0,385315.46,57,1,2849,2
1,345116.17,24,5,2253,4
0,106209.92,30,4,2160,1
0,363673.39,57,2,2645,1
0,301074.97,41,2,779,5
0,190624.32,26,3,2967,2
0,232244.22,22,1,1073,4
1,130005.17,25,4,1640,0
0,98519.4,60,2,2057,3
0,293873.89,18,4,2354,3
0,136522.1,28,5,2035,4
0,240802.24,25,2,519,1
0,65843.72,49,0,198,6
0,142291.23,36,4,1129,1
1,463245.17,44,3,869,0
0,34640.54,8,2,2587,5
0,145673.11,16,1,932,4
0,287455.46,18,4,1478,6
0,80092.93,36,4,1327,6
0,90061.96,53,3,862,4
0,13633.08,11,0,2369,5
1,489442.89,18,3,540,0
0,423464.22,15,1,1912,4
1,446483.16,59,1,1174,0
0,123191.52,20,3,2404,6
1,425546.82,29,1,981,0
0,207224.63,29,3,645,5
1,426040.26,49,3,124,4
0,106538.74,44,3,1818,6
1,174432.92,2,3,2108,4
0,419918.38,39,1,1557,1
1,302472.01,45,5,1576,1
0,107529.8,21,2,1689,2
0,358892.22,58,1,1584,4
1,480524.26,44,4,1029,5
0,228861.67,52,0,1622,4
1,182962.68,2,3,1817,5
1,455048.08,6,3,1074,2
0,138215.21,59,2,1990,1
0,113472.7,38,5,2148,4
0,406020.37,55,0,1592,2
1,381551.57,6,5,680,0
0,349179.83,4,2,354,4
0,229284.91,19,1,1815,2
0,118398.89,20,1,2162,0
0,436546.0,40,0,2375,5
0,147680.28,31,3,717,1
1,404825.72,13,4,2948,0
1,387553.98,18,1,2217,0
0,278952.13,24,5,762,1
0,466414.3,16,0,1363,6
0,384343.07,33,0,2081,4
0,199933.81,11,0,1951,1
0,124753.16,39,2,2380,6
0,233890.58,30,1,2939,0
0,85233.02,39,0,304,3
0,5283.83,30,4,2036,5
0,277406.3,47,3,2180,3
0,180198.07,39,4,2972,6
1,377057.47,34,3,713,4
0,67488.72,3,1,330,4
1,421763.28,8,4,1719,3
0,153261.39,2,2,2025,1
0,111707.36,50,5,632,3
0,396309.53,48,1,2688,6
0,201198.58,10,0,960,3
0,245954.04,30,5,1935,2
0,234333.16,27,0,1035,1
0,151231.95,4,2,1935,3
0,43671.12,19,2,2129,4
0,25059.59,56,3,307,2
1,100772.25,60,4,709,0
1,77239.82,46,4,1134,0
1,257205.82,41,4,1550,0
0,204688.97,52,4,1915,2
0,166639.61,24,0,2147,4
0,442348.85,49,3,1805,6
0,22897.18,50,4,2349,4
1,499329.04,10,3,1382,5
0,367067.67,41,2,619,1
0,51128.85,25,2,1645,1
0,26786.64,1,1,826,3
0,100863.81,52,1,1778,4
0,131298.2,59,1,32,0
1,430126.12,17,5,2006,6
0,113451.75,59,1,2785,3
0,44584.92,30,2,2556,5
1,426043.95,17,4,2317,4
0,317604.64,21,4,667,5
0,262423.9,18,4,1034,1
0,219767.32,18,2,2114,2
0,486516.77,26,0,2453,2
0,57715.92,10,4,945,6
1,440969.35,16,3,657,0
0,255392.61,27,5,1667,3
0,168950.5,6,1,695,4
1,474503.35,43,0,1315,0
0,205932.73,28,1,1726,3
0,170224.0,24,0,1291,1
1,440157.39,32,3,2440,1
0,217902.29,16,2,1026,4
0,171375.09,39,2,2460,3
0,54826.62,6,5,64,1
0,217128.6,58,0,2886,5
1,495959.45,1,3,757,0
0,149254.4,54,2,2810,5
0,334698.82,6,0,706,2
0,54485.8,38,0,191,4
0,411607.74,13,1,1630,6
0,58231.54,38,2,2550,6
0,40483.24,40,2,597,0
0,305053.03,17,1,2665,6
0,52579.49,39,1,2852,2
0,199729.77,22,5,696,5
1,406084.04,23,4,1285,2
0,211894.95,60,1,1296,5
0,109220.91,30,1,2910,1
0,44329.3,38,0,634,0
0,67424.32,47,0,1187,6
0,345424.27,38,1,2973,3
0,207890.88,60,5,2767,5
1,366043.33,20,5,889,3
0,185283.62,26,1,1443,0
0,20532.86,55,2,1625,1
0,234434.45,26,5,1355,3
1,408811.69,48,5,1759,5
1,479242.23,49,4,2896,1
1,435241.21,11,2,1733,0
0,438382.87,22,1,202,1
0,258828.28,32,2,858,5
0,211845.75,50,0,2616,2
1,401103.27,24,2,41,0
0,386926.17,33,1,894,1
0,341776.08,55,5,2098,2
0,198391.64,34,4,2538,4
0,220294.14,47,0,1893,5
0,275825.97,35,3,212,2
0,13867.88,38,5,287,3
1,464878.96,59,4,2372,1
1,418227.07,15,3,1114,2
1,409284.45,43,4,1070,3
0,7121.08,15,0,938,6
1,123295.08,1,3,225,0
0,269952.53,58,4,1737,0
0,434930.23,47,5,1284,6
0,333340.53,32,4,904,4
0,147340.78,8,1,1623,4
0,92732.18,42,1,88,5
0,44440.06,42,1,1995,0
0,69289.35,48,5,1087,1
0,337546.38,27,1,1776,1
0,183907.66,49,2,1297,4
0,321316.19,5,1,527,6
1,477024.84,5,2,763,0
0,172077.27,33,4,1935,4
0,243214.73,40,2,371,2
0,179853.88,25,1,2263,2
0,455905.37,40,0,289,1
0,174340.09,34,5,2220,1
1,495601.2,49,5,1469,0
0,427485.58,51,3,454,6
0,389051.77,26,1,716,1
1,320557.17,50,4,2886,0
1,418083.03,60,3,2313,6
0,196701.42,42,2,845,0
1,229190.16,1,4,1485,0
1,326114.83,27,5,60,2
0,47186.51,54,0,2465,4
0,384231.95,38,1,1969,3
0,498087.16,47,2,520,4
0,394142.38,41,2,1037,2
1,411971.47,19,0,466,0
1,334087.71,9,5,1087,6
0,499643.97,18,2,1717,0
0,185073.69,32,2,1258,3
0,17943.15,19,2,786,5
1,435404.92,60,4,2499,4
0,184453.42,7,2,1397,2
0,95396.38,14,4,352,1
0,141874.87,54,4,2247,6
1,406730.67,36,4,2858,4
0,453628.11,43,2,441,3
0,159386.64,57,3,410,5
0,138178.85,4,1,311,0
0,6984.68,58,3,204,3
0,205964.4,7,2,680,4
0,448037.14,16,0,1398,1
1,326000.45,37,5,455,5
0,237806.26,47,5,548,1
0,123100.34,27,0,2821,4
0,290461.92,47,1,2047,4
0,34388.97,14,4,2761,3
0,413387.56,19,2,587,3
0,208713.79,38,2,1133,1
0,428789.29,8,5,1751,2
0,251350.23,8,3,2449,1
0,347193.48,37,1,2654,4
1,483751.31,16,1,2942,0
0,499081.76,48,0,325,5
0,70816.22,14,2,491,4
1,327667.23,46,0,2881,0
0,57942.06,14,3,621,1
0,435056.57,21,3,1581,5
1,341755.69,29,5,855,6
0,107356.83,23,1,2757,6
0,247507.1,18,3,230,2
0,219480.23,11,0,274,5
0,264519.59,14,3,482,2
0,145305.86,12,3,86,3
0,37321.04,30,2,1271,5
0,227424.82,45,2,1983,3
1,84426.85,15,3,576,0
0,324384.08,25,1,2289,4
0,59363.08,47,2,2168,2
0,139546.99,43,4,1300,5
0,15048.28,37,0,1018,2
0,405806.53,49,5,2307,6
0,289334.77,60,4,779,5
0,488838.61,1,1,110,2
0,212764.45,22,0,2000,1
0,58690.79,20,5,1770,2
0,295165.22,41,3,2773,6
0,284781.76,23,0,1586,3
0,102153.03,16,2,217,6
0,181655.92,49,1,2211,2
0,117650.95,36,0,2855,0
0,284753.69,9,1,1712,6
0,106454.88,27,4,327,0
0,223434.18,9,1,908,1
0,52943.81,17,0,2436,3
1,495701.21,42,4,1872,1
1,173703.07,16,4,516,0
1,396594.27,35,5,2606,6
0,26864.42,45,2,2246,1
0,463482.97,32,1,1716,2
0,48911.54,38,1,2387,2
0,216417.33,23,2,1882,4
1,18315.19,7,5,2371,0
0,100309.59,53,1,989,5
0,367557.91,13,1,839,1
0,233123.28,43,3,954,4
0,20588.0,47,5,866,2
1,418199.47,28,1,2847,0
0,239496.38,1,1,1564,0
1,91672.39,54,3,474,0
0,109833.66,10,3,474,3
0,351345.33,11,2,2953,4
1,442495.18,34,4,2428,2
0,82911.59,39,4,2735,4
0,477040.96,28,1,2532,6
0,143191.82,17,4,907,5
0,102153.48,19,3,2223,3
1,437988.75,8,5,549,0
0,369816.77,35,0,2324,3
1,455119.83,38,5,583,0
0,93997.33,57,1,547,1
0,256665.91,39,4,333,1
1,278377.27,22,4,2231,0
0,134264.4,36,1,760,0
0,247801.64,54,1,602,6
1,350893.88,6,4,635,4
1,40360.44,47,5,2269,0
0,233145.11,44,2,1413,0
0,383912.33,50,0,2753,5
0,432128.46,47,0,372,2
1,379991.47,52,5,2429,0
0,345538.42,31,0,1828,6
1,325536.12,4,5,2507,0
1,494259.44,21,3,2783,0
0,324575.48,49,2,1098,1
0,275158.74,10,4,2766,4
0,241005.28,32,4,343,1
1,413056.73,19,4,2576,6
0,160486.25,31,0,2107,3
0,17994.42,39,0,41,5
0,443467.42,25,2,2637,2
0,183926.04,34,2,2201,1
0,191971.98,8,1,1721,1
0,258282.87,21,2,2738,0
0,158512.55,11,4,1567,5
1,278508.95,3,5,1954,0
0,107918.67,27,4,2545,4
0,310955.1,51,0,2587,6
0,96459.38,5,0,1126,6
0,464428.61,56,3,1065,6
0,66510.91,36,4,50,2
0,481265.26,42,1,2272,3
1,440824.72,16,4,824,3
0,266519.04,5,3,1126,1
1,338134.9,10,5,1668,4
1,364364.86,34,4,2672,5
0,206782.4,11,0,1024,3
0,187286.97,47,4,1794,1
0,158244.59,50,2,366,3
1,411908.27,19,5,1626,1
0,473340.15,24,2,203,1
0,395386.21,47,5,1541,2
0,343175.78,19,1,125,5
0,237566.87,20,3,1176,6
1,258925.17,53,4,2099,0
0,366736.14,24,1,2307,5
0,261779.72,54,2,1388,5
0,235512.94,54,5,282,5
0,23582.79,44,5,265,6
0,123214.47,59,1,885,6
0,101192.81,34,2,2434,2
0,200386.4,15,1,448,0
1,357096.24,30,4,1940,5
0,274467.07,39,1,1017,4
1,317282.43,13,3,917,1
0,323793.98,15,0,1695,6
1,363063.6,6,4,2098,3
1,495753.87,7,3,2080,6
1,390562.11,47,4,64,0
0,108308.26,2,0,2430,0
0,390423.34,8,4,553,6
0,264315.52,1,1,2849,3
0,238775.14,45,3,1110,5
0,412405.26,39,0,2998,3
0,441729.23,44,1,1634,2
0,397080.86,9,0,342,2
0,40101.78,8,4,2648,6
0,146983.9,35,2,955,1
0,267294.82,22,0,2432,1
0,101379.43,53,5,675,1
0,302972.47,10,0,1013,3
0,170919.68,27,0,407,2
0,349231.46,55,5,1234,1
0,270371.99,48,0,1532,5
0,390119.13,22,1,2046,3
0,220508.77,51,5,219,4
1,62673.76,9,3,103,0
1,438040.4,4,4,862,2
0,201926.01,39,0,141,3
1,344029.51,5,2,901,0
1,384959.35,17,2,1487,0
1,256992.53,12,3,2373,0
1,315057.25,32,3,2329,5
0,312483.44,34,2,1219,5
0,62335.14,20,4,50,6
0,492647.71,50,1,1433,2
0,241059.01,43,4,2195,1
0,27829.69,15,5,1563,4
0,31433.17,43,2,1879,5
0,304812.62,4,4,1538,4
0,355235.87,52,2,1200,4
1,467805.99,46,3,1075,4
0,204413.26,39,5,2376,4
0,384481.1,37,3,2720,2
1,322665.91,49,4,2798,5
0,49379.07,34,2,624,4
0,291743.39,41,4,1046,1
0,284843.24,19,0,2079,2
0,311297.89,55,1,747,1
0,96552.53,50,1,1235,6
1,389253.05,28,3,2339,4
0,206870.46,45,0,2315,3
1,202006.92,8,3,1740,0
0,91087.74,14,2,2330,5
0,262396.92,15,2,2774,5
0,454390.71,42,1,2160,1
1,379721.04,54,2,42,2
0,444204.95,8,1,2877,4
0,219903.36,2,4,633,3
1,382737.11,35,5,630,3
0,51281.21,36,3,2376,3
0,206427.85,5,1,91,4
1,405327.36,7,5,2838,1
1,404580.07,21,4,1409,6
0,129705.62,13,2,1662,4
0,124097.4,51,2,2114,2
0,428045.28,54,1,1989,6
0,5484.2,43,4,1808,4
1,454132.82,25,0,255,0
0,254430.17,5,0,2767,1
0,170746.29,53,0,226,0
1,266267.13,40,5,1173,0
1,316781.7,5,5,1346,0
0,206856.57,12,5,2167,1
1,474964.74,42,3,2598,1
1,366338.31,15,5,1176,2
1,448380.64,29,3,2482,2
0,85344.58,46,3,602,5
1,382668.35,27,5,562,4
0,175552.49,36,0,2045,5
0,461800.31,60,0,689,4
0,38063.08,50,2,123,3
0,338943.05,17,0,829,1
0,229663.89,6,1,1316,2
0,105296.19,59,3,475,3
0,463947.57,30,0,869,6
1,340626.19,6,4,699,0
0,60746.91,49,3,1004,6
0,489874.39,21,1,1945,3
0,288850.65,23,3,526,1
0,226507.23,58,5,2263,2
0,135976.34,4,5,720,6
0,164896.22,10,3,1234,4
1,486673.89,7,3,1158,2
0,122071.22,14,5,1054,6
0,202187.99,35,0,610,3
1,335301.8,11,1,337,0
1,321335.92,57,3,2442,4
0,55657.29,13,2,2157,3
0,288397.3,22,5,2042,6
0,221775.85,49,3,978,6
0,125299.55,8,4,755,4
0,207170.46,22,1,2374,6
1,480084.86,2,3,2908,4
1,360995.55,28,3,2818,0
0,241769.02,4,3,2063,1
0,261547.3,52,1,93,2
0,191177.83,10,0,2728,6
0,94322.24,41,2,1373,5
0,47663.62,26,5,2731,2
1,389756.86,35,3,459,5
0,205442.67,10,5,328,4
0,41012.87,37,1,1370,4
0,484613.69,49,4,191,4
0,269458.45,44,2,993,3
1,306435.83,19,4,96,1
1,446627.4,3,2,168,4
1,332845.22,35,3,2975,4
0,256143.81,19,5,562,2
0,172171.87,48,4,2127,4
0,325399.02,19,2,1880,5
0,256229.78,52,0,2877,5
0,50374.53,60,1,993,4
0,226551.69,31,1,2238,6
0,17977.86,40,3,1155,3
1,481944.2,5,5,2601,5
0,249974.64,35,3,1604,4
1,429226.76,37,3,2101,3
0,419337.28,9,2,2144,4
0,249484.04,48,0,2664,4
1,342373.55,1,3,2665,1
0,187497.05,45,2,152,5
1,379005.74,25,3,2567,2
0,286750.77,2,5,541,1
1,450384.54,12,5,1433,6
0,137819.61,12,4,1640,3
0,200063.17,9,2,2534,2
0,320959.1,41,1,2829,4
1,424137.84,51,3,940,6
0,275360.13,58,4,452,2
0,86388.66,6,5,2817,2
0,268854.93,22,5,2009,1
0,197592.88,37,1,1683,4
0,434825.48,15,2,2199,4
0,55599.26,56,4,465,4
0,187769.56,2,5,2035,4
1,478348.19,55,4,1358,0
0,163618.5,32,5,1206,6
0,115982.32,13,2,2602,4
1,439486.28,58,4,2393,0
1,457370.8,39,3,705,0
0,263163.58,46,2,2413,1
0,397758.49,6,2,890,3
0,48662.59,19,3,470,2
0,105137.11,14,5,740,2
0,443618.95,53,3,1979,5
0,53202.06,52,3,1862,6
0,27667.12,40,2,643,5
0,145322.01,50,0,174,6
0,92775.75,25,4,2197,0
0,264241.89,36,0,2508,5
0,380093.58,1,2,1508,1
1,423127.58,34,4,1456,3
0,445641.7,60,2,2313,6
0,210961.14,21,4,2104,3
0,271762.88,18,2,716,1
0,354520.32,33,2,2771,2
1,317925.34,47,4,1758,2
0,394865.85,54,4,1209,1
0,68803.94,40,0,369,6
1,492766.12,2,1,55,0
0,82191.85,20,2,2648,1
0,325433.33,15,0,998,1
0,400659.49,56,2,313,1
0,165368.41,31,0,2167,1
0,279995.3,12,5,441,2
0,145759.67,34,4,2556,3
0,295284.58,46,3,620,3
0,214420.81,58,5,1836,5
1,323357.07,10,5,56,1
1,423751.81,48,5,716,2
0,108529.65,5,4,924,6
0,355245.07,52,0,577,1
0,67516.23,39,1,2672,0
1,313913.59,4,3,63,0
0,126150.5,17,3,685,1
1,234277.11,2,4,706,6
0,204992.55,46,0,2754,3
0,394526.86,58,2,1996,3
0,133868.63,24,4,2601,2
0,72154.99,10,4,163,2
0,311212.7,33,5,1887,3
0,124339.03,7,3,247,4
1,360553.1,8,5,1950,1
0,231297.53,14,1,1844,6
1,463268.51,42,4,792,6
0,166282.19,12,1,2391,4
0,110978.76,27,1,442,5
1,400704.47,43,4,338,5
0,121954.67,36,1,998,1
0,328393.24,45,1,2395,6
0,105577.32,36,2,1122,3
0,247106.1,42,3,2049,1
0,405079.71,19,1,110,4
0,134213.78,17,4,2070,4
0,94327.93,29,4,2414,3
0,97463.39,12,3,316,1
0,168899.31,43,4,1949,6
0,455778.42,47,0,907,3
0,73446.31,36,4,1025,1
0,18898.8,44,0,581,6
0,201580.19,51,5,252,4
0,90766.83,57,0,1116,6
0,247027.99,52,5,1937,4
0,255428.12,37,3,1460,5
0,348193.21,47,5,1554,5
0,181895.31,16,5,2221,3
1,400352.57,60,0,857,0
1,489104.97,16,3,2673,0
0,428316.89,37,2,478,3
0,176709.3,56,1,890,6
0,449777.17,56,0,123,6
1,323241.28,11,5,2433,5
0,333684.14,6,2,844,3
1,328608.58,48,4,819,0
0,412508.34,59,0,2391,3
0,45910.67,44,4,2077,0
1,483870.23,10,3,228,5
1,367218.94,8,1,674,0
1,208005.2,49,5,601,0
1,304889.47,48,5,395,0
0,194378.12,7,1,770,0
1,310666.44,3,3,587,5
1,332550.25,60,4,1822,1
1,463114.08,48,5,906,0
0,288082.5,28,3,1411,1
0,11637.49,12,3,2694,5
0,389441.13,7,1,1185,1
0,49599.73,2,4,2827,3
0,74602.55,22,0,2391,5
1,491082.0,10,4,1204,3
0,13471.87,53,4,823,5
1,497310.71,23,5,1588,6
1,406179.98,48,5,35,6
0,359258.3,37,4,1444,1
0,250796.24,2,0,967,3
0,75230.11,13,3,1500,4
0,272121.47,25,2,563,1
1,133381.85,5,5,669,0
1,495099.5,60,0,1760,0
0,309054.32,31,1,2313,3
0,34852.94,39,4,281,3
0,218454.84,56,4,121,3
0,69343.86,56,2,2205,5
0,174483.21,17,1,2833,5
0,114809.27,46,2,162,1
0,66723.87,40,2,1691,3
1,457532.24,41,3,1539,3
1,313338.67,24,3,2447,5
0,189125.05,28,1,1038,2
0,421581.48,9,2,1921,3
0,59727.31,36,0,515,6
0,65705.22,14,0,1719,4
0,54686.71,26,2,398,3
1,214783.61,3,4,83,4
1,407106.4,43,2,1864,0
0,298409.95,56,5,473,2
0,234410.39,13,4,203,3
0,55324.89,4,3,2948,1
0,44455.25,4,2,1509,4
1,248556.4,13,3,746,0
0,17271.12,37,3,774,2
0,430405.25,44,2,1860,3
0,300099.34,32,0,867,0
0,7706.01,13,5,850,4
0,82509.31,52,3,1071,6
0,445370.07,28,1,353,2
0,36716.9,16,1,2895,6
0,14395.4,4,2,1680,3
1,54582.75,22,5,2443,0
1,398576.18,4,3,2440,3
0,66540.09,17,0,110,5
0,294854.48,35,4,308,6
1,379857.18,55,5,2614,5
0,289213.58,21,1,2764,5
0,161749.62,12,0,1076,4
0,253408.84,52,4,1249,5
1,411747.27,60,3,2512,4
0,321246.39,42,0,843,3
0,222313.59,8,3,1595,4
1,376203.85,7,3,1594,0
0,112060.37,19,0,2016,3
0,136756.19,15,1,1350,3
0,109413.03,45,4,2773,4
0,148107.41,37,0,2530,3
0,38162.82,53,2,706,3
0,18021.94,30,0,2141,3
1,422904.19,7,0,1712,0
0,332074.2,43,0,2613,6
0,52063.63,60,4,372,1
0,343751.35,49,4,2371,4
0,254706.1,50,4,1867,1
0,46332.89,29,0,2231,4
1,482468.19,60,5,2111,0
0,485401.56,60,3,1095,2
0,73429.12,49,0,1878,2
0,259006.94,60,1,2369,3
0,190030.64,60,0,2238,1
1,406875.79,17,4,221,3
0,163498.08,43,0,766,6
0,193223.7,6,2,2469,3
0,383481.73,43,0,676,4
0,338798.53,38,2,707,4
0,282046.01,33,1,1927,5
0,291405.02,43,3,2752,5
0,137231.56,38,2,969,5
0,133032.46,51,0,2409,3
0,180531.97,3,3,2290,5
0,92629.5,19,5,2860,4
1,115944.69,47,3,1480,0
0,292611.71,55,5,2774,5
0,94954.0,41,0,2507,3
1,418367.87,25,3,2269,1
0,468100.47,28,0,1118,3
0,159634.87,5,3,77,1
0,172318.87,25,1,684,2
0,381224.36,53,5,1695,2
0,275622.39,1,4,2380,6
0,136629.52,26,4,2883,4
1,308969.72,57,3,593,2
0,242364.18,49,4,1853,4
1,38734.18,2,4,289,0
0,41557.26,54,0,2432,6
0,182084.82,49,4,2651,6
0,499296.6,56,1,2957,3
1,120161.21,31,5,1699,0
0,97357.28,16,0,1072,2
0,257966.56,26,2,2898,0
0,183356.51,18,2,2059,1
0,66661.82,7,3,1332,5
0,437155.74,45,2,1150,0
0,211113.48,55,0,1955,6
0,448804.97,60,5,297,6
0,67754.75,17,4,2234,4
1,317091.03,35,4,41,6
0,233553.91,36,1,426,2
0,224211.23,27,4,458,6
0,420668.64,40,1,1645,5
0,473856.54,35,3,2555,5
0,310616.3,59,1,2892,4
1,349757.25,36,3,1306,4
0,285774.59,45,0,1370,2
1,134303.34,21,5,231,0
1,308780.07,47,4,2813,1
1,423185.15,50,3,1509,1
1,445131.14,3,2,494,0
0,43910.13,44,5,283,1
0,271219.65,50,4,1647,1
0,160622.06,27,5,2682,1
0,259760.55,17,2,1555,4
0,192596.55,1,0,131,4
0,154060.72,9,2,2202,4
0,93569.13,19,3,1566,5
1,393830.98,48,4,2542,3
0,251264.21,4,2,1815,2
0,12105.76,51,2,1319,3
0,247564.51,29,2,2231,0
0,228057.54,20,2,934,1
1,403605.99,2,3,565,1
0,132753.83,26,3,565,6
1,386360.23,22,5,1214,0
0,201262.74,22,4,2521,2
1,463049.38,1,5,2795,3
0,428509.87,8,1,653,2
1,481823.09,52,3,1783,3
0,158755.05,9,2,2541,0
0,18735.7,6,1,1180,5
0,50688.58,59,4,1058,4
1,321511.85,4,0,2228,0
0,239919.74,34,3,2000,5
0,495860.3,9,1,354,1
0,299784.57,23,3,85,6
0,225827.11,46,3,1107,6
0,321104.06,28,0,633,5
0,460163.27,4,1,2195,2
1,369030.8,57,3,1431,1
0,176131.02,38,5,1610,6
0,28806.38,36,2,2633,1
0,491783.53,33,1,1298,1
0,337515.82,45,1,2092,2
0,184204.44,49,2,223,0
0,130960.02,42,2,1198,5
0,172576.91,10,1,344,0
0,472509.85,10,5,1862,2
0,309314.43,48,5,2042,5
1,368052.72,6,3,1825,6
1,383257.85,16,5,1232,5
0,247196.18,2,1,2303,4
0,344116.08,53,0,1974,2
0,329252.12,4,0,2515,6
0,481346.52,53,0,1074,2
0,21434.07,39,1,1361,5
0,254005.45,10,2,2586,1
1,424646.38,57,2,78,0
0,259777.6,46,3,1834,3
0,146869.84,58,0,1770,2
0,143032.8,17,5,1502,2
0,216611.25,53,4,891,6
0,440109.05,45,0,1976,4
1,112634.13,46,4,468,0
0,124257.17,39,0,632,4
0,480370.77,33,5,1076,6
1,368993.87,52,4,2356,4
0,494145.14,34,4,664,6
0,35155.83,21,3,2400,5
0,419567.67,7,2,1870,5
0,130627.59,15,0,396,6
0,272521.28,25,5,1064,1
0,70439.58,14,4,2687,1
0,227517.58,34,1,1005,4
0,79719.2,8,5,2731,4
0,19891.36,59,1,2350,1
0,260955.15,33,0,2945,4
1,462440.9,11,1,526,0
0,12376.9,15,1,38,0
1,347374.16,25,3,1807,3
0,27428.26,2,4,2616,4
1,460177.43,44,3,2958,3
0,10546.02,6,2,805,2
0,399445.49,19,0,2997,1
0,148234.68,21,5,1029,5
0,296868.15,49,0,2006,2
1,392604.0,50,4,2657,1
0,160856.61,27,4,1325,6
1,22260.26,13,5,99,3
0,458419.65,1,2,1172,2
0,192698.76,54,0,1387,0
0,220776.27,58,5,1627,3
0,50553.63,1,5,1639,2
0,434414.35,46,0,2913,6
1,493456.87,1,3,2248,2
0,202417.52,53,4,1131,6
0,237369.72,34,4,91,2
1,381303.35,28,3,2275,1
0,279210.74,25,4,2354,4
0,205601.92,25,4,1910,6
0,266337.47,35,3,2315,4
0,449364.52,37,0,1965,4
0,391886.69,5,2,155,2
0,217233.39,24,3,347,4
1,448912.13,2,5,2465,1
0,16027.09,6,1,1797,5
0,230003.3,41,4,2394,4
0,193169.51,20,0,2296,6
1,381720.95,58,4,1539,1
0,393062.72,24,2,2120,2
0,232982.47,30,2,2922,0
0,246697.49,25,4,787,6
0,52803.14,44,5,2288,1
0,50491.52,46,4,1679,1
0,136804.21,11,1,2500,3
0,258552.25,5,3,248,6
0,361898.02,24,2,570,0
0,176572.67,19,2,2021,6
0,162885.42,50,4,547,0
0,75060.29,55,2,2065,6
1,356601.78,2,5,233,0
0,113680.86,46,2,1709,2
0,232382.29,14,1,1170,6
0,495980.34,33,1,2323,4
1,444274.96,57,2,50,0
0,245310.03,42,4,778,1
0,359953.0,16,0,588,3
1,197795.61,60,4,1558,0
0,37625.99,51,2,2333,5
0,50276.08,37,2,34,4
1,422701.05,57,0,2720,0
0,97035.24,6,5,208,5
0,117569.32,53,3,248,6
1,72401.32,3,0,1923,0
0,298855.98,44,0,48,3
0,453495.22,54,5,384,4
1,393677.76,36,5,1370,5
0,117366.65,42,1,2354,4
0,209536.16,36,4,903,6
0,175583.82,39,2,1172,3
0,209642.7,47,0,2587,6
0,463219.26,31,1,1303,6
1,45908.02,58,5,319,0
0,169483.62,10,2,2329,5
0,204624.44,44,1,311,3
0,110601.2,57,5,1504,3
0,264388.87,57,1,1411,6
0,213235.05,4,3,1148,4
0,24264.31,28,3,823,4
0,113419.55,46,2,1257,4
0,101639.81,20,1,1332,6
0,194399.41,52,5,1250,3
0,272395.1,22,2,247,3
0,463870.93,46,0,1641,2
0,311837.94,23,0,1521,3
0,106965.04,12,5,69,4
0,272716.87,22,2,468,0
1,316327.31,20,5,142,5
0,55349.76,15,0,371,0
0,390560.04,25,0,2491,5
0,75450.48,52,2,2914,3
0,31721.79,45,1,718,5
0,206030.84,40,2,987,2
1,350823.14,6,5,755,0
0,335096.39,12,3,1315,6
0,181885.48,4,0,676,6
0,380975.54,45,0,353,2
0,171944.0,56,5,779,2
1,133516.69,41,4,1421,0
0,144847.18,54,3,439,6
0,353571.31,55,1,1929,4
0,29511.15,23,5,2446,5
0,323737.08,59,1,2759,6
0,28831.53,26,2,2805,4
1,485068.19,50,5,79,1
0,63666.16,18,2,546,0
0,217062.08,33,4,2891,6
0,36882.69,35,2,2597,4
0,477928.82,42,2,2550,4
0,480122.96,23,2,1027,2
0,173531.47,3,2,1618,0
1,34365.81,32,4,2395,0
0,201902.81,28,4,270,0
1,196494.41,29,3,1106,0
0,498077.38,33,2,2874,5
1,359744.94,14,5,823,4
0,156844.6,45,2,951,0
0,199352.1,30,3,673,2
0,8984.72,11,5,1455,6
0,41074.88,14,3,1312,2
0,449927.75,12,2,463,3
0,131111.73,38,0,2601,1
0,352715.94,10,1,936,2
0,428725.68,5,0,160,4
1,323359.76,58,3,2802,0
0,125921.22,41,4,2306,3
1,130372.05,1,1,507,0
0,199328.13,15,1,2554,0
0,448710.43,22,3,1398,6
0,280459.36,35,3,1354,6
0,431048.36,6,1,2460,5
1,386677.69,20,1,1648,0
1,476859.37,16,3,2778,6
1,399683.06,57,5,609,3
0,180092.94,12,0,1077,3
1,445514.43,45,4,546,0
0,61694.55,52,2,693,1
0,8029.0,13,3,2898,1
1,325282.29,39,5,2734,1
0,179522.96,59,4,539,4
0,455381.11,47,0,2841,2
0,51759.35,7,0,2090,3
0,270087.62,22,4,2285,0
1,440958.66,37,5,1929,5
0,87902.3,45,0,1593,4
0,27006.25,4,2,998,3
1,383966.0,45,4,914,0
0,489649.28,39,1,2112,4
1,450111.27,52,4,1160,2
0,433785.16,43,0,2134,1
1,362579.33,31,1,34,0
0,277843.92,40,2,2228,1
0,71958.79,10,0,1062,0
0,142978.58,18,5,895,5
1,462654.61,56,4,479,0
1,487099.35,24,4,2497,5
0,352044.89,44,1,2599,5
0,68152.43,41,1,237,2
0,113413.67,9,1,2966,3
0,182791.75,60,1,2878,0
0,189600.7,13,0,565,4
0,211874.7,57,0,1697,2
0,102535.52,44,0,1440,5
0,119250.52,54,3,1901,3
0,201952.41,38,0,2533,4
0,70349.49,5,5,123,5
1,495380.83,6,3,2826,6
0,237489.85,25,4,197,6
0,293109.95,34,1,518,6
0,135516.97,54,5,2246,6
0,38106.01,25,3,694,1
0,45174.13,56,1,515,3
0,11926.09,4,2,1692,4
1,484575.31,27,3,1916,6
0,194666.53,45,3,656,0
0,258511.77,26,2,1511,0
0,292700.69,50,2,1260,5
0,223282.76,28,3,834,5
1,304306.28,13,5,950,4
0,175176.0,20,5,2506,3
0,229539.59,9,1,1608,1
0,441621.78,8,0,1240,1
0,112138.86,27,5,592,6
1,470714.98,36,5,1343,2
0,55198.87,33,4,2636,0
1,368801.34,39,5,2560,0
1,465501.05,10,5,1013,5
0,454182.74,46,0,2725,4
0,342935.65,17,1,853,4
0,403473.98,57,1,2979,2
1,487183.62,12,2,2760,0
0,268156.23,15,1,1097,1
0,405413.82,16,0,352,5
1,424928.05,34,3,1691,0
0,490168.23,18,2,1942,6
1,458488.11,37,5,1130,3
1,399052.69,26,4,2946,5
1,362264.12,58,5,1404,1
0,483691.9,28,2,2341,3
0,199548.6,60,5,2465,6
0,194242.34,52,0,1794,1
0,67604.21,12,2,1199,2
0,270065.78,59,0,2375,2
1,458947.19,20,4,388,6
0,96755.56,26,4,614,2
0,289979.71,26,2,1859,1
0,427457.04,16,0,1886,6
1,72670.89,24,5,2440,0
0,94888.36,8,2,245,5
0,327079.25,38,1,1045,6
0,470774.53,53,0,1262,6
0,443634.79,14,5,258,3
1,209261.38,43,3,955,0
0,19843.9,42,5,529,3
1,411866.06,59,1,611,0
0,187338.37,36,3,408,4
0,162576.14,14,2,2724,2
0,219308.06,58,4,1916,2
1,422850.06,42,5,2070,0
0,251123.94,42,1,2684,6
0,347292.99,27,2,634,1
0,234085.55,9,4,1791,3
1,206335.13,13,3,43,0
0,455958.24,42,0,2607,5
1,408569.09,53,3,2229,0
0,464147.93,24,2,2688,4
0,23001.44,59,1,2011,6
0,366096.67,5,2,793,2
0,332971.19,13,0,1772,0
0,154056.34,37,5,535,6
1,382716.6,34,5,2873,0
1,496760.03,59,0,842,0
0,192151.31,23,2,2934,1
1,388904.9,12,5,139,4
0,289928.67,41,3,1038,2
0,360972.56,40,2,2730,5
0,455224.58,10,1,647,5
0,117285.52,40,1,2168,4
0,91281.63,19,2,1970,5
0,392020.06,15,1,958,3
0,48118.27,23,0,1953,3
1,454162.01,36,3,216,4
0,197599.53,32,0,2101,6
1,415733.63,13,3,188,0
0,248239.14,10,3,438,2
0,115019.38,36,5,2324,5
1,354513.05,55,3,2758,6
0,461906.23,49,2,2217,6
0,390778.6,31,1,1358,3
0,69856.94,14,1,2859,1
1,476380.6,59,5,2112,0
0,378418.75,19,2,660,2
1,495242.82,55,5,2348,1
0,93425.91,23,3,264,3
0,411421.18,40,2,894,2
1,450608.0,16,5,2987,3
0,38001.2,42,0,2207,0
1,201425.77,51,3,1159,0
0,8124.89,43,2,968,6
0,475140.06,50,0,2705,4
0,78506.09,57,5,323,1
0,91384.82,43,0,2113,6
1,333665.25,15,4,2979,3
0,196127.58,21,5,1163,6
0,27291.3,21,2,2359,0
1,468707.83,43,0,1538,0
0,488790.22,18,0,347,4
0,168324.42,18,0,2362,5
0,290234.83,25,4,896,4
0,228175.34,32,2,787,0
0,402696.92,52,1,104,2
1,220125.41,11,5,91,0
0,434104.22,32,0,586,5
0,79087.21,5,1,2371,1
0,453438.79,40,3,1925,4
0,325396.81,26,0,2349,4
0,111731.62,11,3,2039,3
0,44551.95,39,1,570,3
1,339100.29,2,3,1419,5
0,482098.19,35,4,1976,5
0,213076.52,16,5,881,5
1,450554.07,45,5,1294,1
1,303295.86,41,3,1376,2
0,20284.22,33,5,2999,6
0,320282.43,12,1,540,1
0,83477.07,38,0,1471,6
0,388424.89,32,3,1145,2
1,321841.52,52,2,1995,0
0,5589.35,27,4,1931,3
0,158047.48,43,3,2063,3
1,288335.95,38,3,1297,0
0,409026.79,25,2,1777,5
0,132181.12,22,0,124,3
0,179736.65,45,1,1956,1
0,296487.34,25,2,2344,3
0,97303.38,30,3,353,0
1,326786.56,9,4,2880,3
0,163942.63,4,5,1549,4
1,360912.84,12,2,1462,0
0,266863.02,30,3,2792,1
0,153356.28,6,2,2545,2
1,312278.64,36,4,1403,4
0,177597.07,19,3,2722,3
0,152775.87,22,2,1226,5
0,157158.82,17,0,1280,4
0,200783.35,60,4,2442,1
0,125016.74,46,2,1159,4
0,146119.0,37,2,1709,2
0,265283.15,44,5,2895,4
0,77321.55,4,4,1374,4
0,68510.33,47,3,2993,1
1,336158.89,35,5,2169,4
0,54380.69,11,0,62,6
1,225543.81,4,5,739,0
0,382033.44,31,2,1264,6
0,177135.09,19,5,2937,6
0,188419.29,31,4,570,6
0,23459.72,1,0,1266,2
0,219254.47,20,3,292,1
0,115605.8,4,0,609,5
0,57784.86,50,0,865,5
0,169992.64,26,2,2195,5
0,198845.13,22,4,1411,5
0,482101.97,36,3,353,4
0,113108.44,5,2,2921,2
0,152680.59,17,5,1370,3
0,114537.2,5,1,2250,4
0,28788.67,14,2,781,1
1,82997.81,43,5,585,0
0,101476.89,30,2,780,2
0,107916.58,7,0,1263,1
1,358531.78,27,4,2869,5
0,391808.32,35,0,163,4
0,356824.03,58,1,2360,6
0,193807.4,38,0,656,6
1,325083.41,32,3,1201,0
0,135430.5,3,2,881,6
1,33930.45,15,4,1531,0
0,85183.58,36,4,1178,3
0,172478.53,29,2,683,1
1,71070.9,10,4,987,0
1,13039.65,22,3,2379,0
0,106183.53,1,1,119,1
0,130551.25,30,3,307,5
1,336812.12,28,3,1525,6
0,221582.1,28,1,1989,4
0,176949.86,53,2,1050,5
0,90912.59,42,2,892,0
0,471073.25,12,1,2412,4
0,408952.04,11,1,148,1
0,359785.74,51,1,221,1
1,151522.53,5,4,97,0
1,360261.17,11,5,572,2
1,441134.62,4,3,2988,3
1,331974.16,35,3,446,6
1,322885.59,45,3,1345,6
0,209890.39,40,4,779,2
0,196227.09,41,4,961,4
0,81272.65,44,3,2606,1
0,255365.68,60,0,766,1
1,301404.62,52,4,2848,2
0,200130.45,35,2,2948,2
0,363730.01,10,1,2018,1
0,228427.91,50,0,793,0
0,46845.48,4,0,2204,3
0,25772.0,45,2,2849,4
1,404634.5,48,4,234,5
0,229935.23,4,3,1223,5
0,399979.19,60,1,2480,1
0,56266.66,40,4,1061,5
0,93210.38,21,5,478,3
0,90468.43,10,3,1618,5
0,128637.8,36,3,774,1
0,183554.7,19,1,621,0
0,92193.05,44,2,2836,6
0,297595.79,42,3,817,1
0,347716.26,53,1,858,2
0,154510.75,57,0,1278,4
1,252052.4,39,4,1384,0
0,234989.34,52,1,72,6
1,308855.59,25,4,2833,2
0,307978.33,56,2,806,6
0,250933.42,40,5,774,3
0,319157.11,14,1,2478,5
0,209986.85,18,1,1882,3
0,162858.86,11,1,1499,4
0,13680.75,6,3,1460,4
0,75171.14,39,1,143,5
0,288488.79,60,1,648,4
1,62927.68,21,3,924,0
0,297749.13,21,5,2901,4
0,120132.74,16,3,2767,5
1,324647.54,12,4,2990,2
0,26158.97,25,0,1403,5
1,313633.68,2,5,2769,4
0,53062.54,14,5,468,1
0,381340.14,3,0,1146,4
1,426575.49,15,5,673,0
0,92506.21,10,0,738,6
1,189196.03,19,4,2744,0
0,271471.57,56,3,2255,3
0,252254.25,26,2,64,0
0,59318.96,21,2,2308,4
0,197784.39,20,1,2789,0
1,398333.17,12,4,2088,3
0,320949.07,31,1,1314,4
1,389089.5,25,5,1675,2
1,375722.49,50,5,516,4
0,363489.13,14,2,2727,1
1,307204.93,46,3,623,1
0,100687.43,2,2,2856,0
0,145739.44,40,2,2208,1
0,144295.23,32,4,2357,6
0,49573.56,56,4,1858,1
0,296123.12,39,4,1167,4
0,52784.86,11,4,2890,1
1,369001.15,2,0,928,3
0,207861.56,48,5,718,5
0,35882.04,23,1,690,4
0,100728.94,26,1,424,0
0,317745.11,21,1,1136,1
1,450076.51,36,5,37,2
0,346110.67,60,3,2552,1
0,384816.65,4,0,1877,3
1,350265.71,11,3,1816,1
0,92768.65,36,1,2084,4
0,338221.6,57,1,908,6
0,206716.98,48,0,2101,2
1,442220.05,35,3,755,3
0,56853.65,28,4,1278,6
0,5406.14,5,1,665,5
0,396595.46,13,1,2966,4
0,54078.93,35,4,946,2
0,233237.87,39,5,289,4
1,166056.58,49,5,2898,0
1,476570.45,31,3,1609,0
0,214133.51,41,5,1546,6
1,87688.83,41,4,2170,0
0,127444.33,5,4,551,3
0,225074.37,27,0,1916,4
0,179409.93,38,3,2403,6
1,323409.49,35,5,1254,2
0,93206.56,44,0,2963,6
0,352240.13,25,2,2880,6
0,269263.96,49,1,2535,6
0,289499.34,7,1,1355,3
0,157483.71,33,4,2346,1
0,166444.39,39,2,2779,3
0,383178.16,48,2,589,4
0,16125.03,18,5,1976,1
0,208942.84,38,2,287,6
0,289176.68,26,3,118,4
0,278856.67,39,3,1287,5
0,131180.5,23,5,2560,6
0,145692.18,18,0,2115,1
0,401981.42,55,2,490,3
0,125053.27,54,3,2155,5
0,107097.65,47,4,2227,6
0,57874.83,25,2,2423,4
0,136284.44,21,0,2507,1
0,404070.75,57,0,1368,1
1,418668.66,3,1,1662,1
0,24346.84,26,2,2294,4
0,13948.7,35,1,1138,4
0,182491.78,7,1,32,4
0,288701.53,13,5,198,2
0,156035.03,53,4,2287,1
0,299527.17,31,2,464,4
0,210917.05,56,1,89,1
1,395209.88,59,0,223,0
0,27732.51,23,5,1628,6
0,55402.14,57,4,1487,5
0,13557.26,23,3,1229,0
0,134224.32,37,1,1825,4
0,218836.64,37,0,2088,6
0,457420.4,59,0,2707,0
1,238691.52,27,5,173,0
1,317356.58,14,3,1555,5
0,28564.69,18,2,1271,2
1,302719.23,3,3,2012,2
1,477572.61,36,3,1562,1
1,470299.27,25,1,546,0
1,455529.79,40,4,1816,6
0,72778.87,60,3,760,1
0,66817.67,1,2,996,1
0,222590.53,2,2,2073,2
1,450879.46,20,4,1211,5
0,189320.88,15,4,1820,2
0,52712.51,53,1,2218,1
0,8022.79,54,0,591,2
0,365683.81,14,0,710,5
0,32896.52,48,1,1645,1
0,473519.9,60,0,2967,6
0,122230.14,50,5,616,5
0,249853.47,28,2,2225,5
0,367095.67,40,2,2306,2
0,279301.2,11,1,2423,5
0,89304.03,54,2,603,5
0,55194.56,8,4,1372,3
0,309399.15,29,0,254,2
0,266901.04,41,0,1517,2
0,50909.34,29,3,1288,2
0,119008.93,24,5,909,2
1,152293.74,56,4,1241,0
0,63945.83,38,2,2906,6
0,232433.85,17,2,2500,1
1,170018.17,32,4,2218,0
0,101641.68,34,1,1755,0
1,345748.52,16,5,2164,4
0,216426.39,3,4,1973,4
1,445364.1,52,4,309,2
0,242559.92,31,1,69,2
0,220223.49,21,5,286,2
0,65502.43,45,2,1703,2
0,463658.18,47,1,2006,6
0,29751.26,33,4,469,2
0,344351.74,13,2,1173,6
0,250799.19,48,3,1843,5
1,467090.11,38,3,2441,0
0,116119.53,53,3,589,4
0,289917.92,57,3,2606,6
0,134686.6,58,2,245,4
0,289682.21,51,0,2854,0
0,28870.99,39,4,1423,3
0,290832.52,35,1,2830,5
0,86044.29,46,0,2243,4
0,333467.71,19,2,727,5
0,197981.91,48,4,2146,2
1,376785.88,58,5,2549,5
0,293505.27,29,1,2328,2
0,167653.74,46,4,1457,6
0,67577.11,34,5,485,6
0,30414.35,10,0,1836,5
0,234066.58,35,4,2734,5
0,410900.83,20,4,2243,1
1,454115.44,29,0,1922,0
0,376553.32,34,2,1105,2
0,396004.24,51,1,1772,3
1,263920.78,26,4,459,0
0,364429.13,41,0,889,4
0,174150.91,28,4,497,6
1,291170.52,40,3,2236,0
1,472903.7,22,4,76,6
1,370254.81,40,5,2979,4
1,417530.28,29,3,2393,0
0,161233.33,36,3,1762,4
0,114400.52,51,2,396,5
0,373534.19,35,0,2986,3
0,385557.09,43,2,829,1
0,14887.72,48,0,529,4
0,394696.08,6,0,1048,6
0,67196.86,37,3,1289,1
0,178033.06,16,5,1777,0
0,34240.05,34,2,2221,6
0,428514.7,46,0,204,2
0,35193.29,9,2,899,5
0,107259.12,5,2,2885,6
0,250613.73,25,3,602,3
0,112431.31,23,4,2981,4
0,286333.22,14,2,1021,6
0,34875.05,1,5,1397,4
1,487836.73,49,3,400,2
0,227929.57,16,0,2695,2
1,411103.62,16,4,2026,4
0,181748.84,51,0,444,3
0,126819.17,44,4,204,5
0,419967.99,59,1,1961,3
0,231183.19,55,1,2261,4
1,498400.39,42,3,1708,0
1,457485.73,19,1,2164,0
0,404582.78,17,0,2916,5
0,42888.98,58,0,2583,5
0,479655.32,21,5,868,2
0,436735.23,41,2,1707,6
0,26212.58,24,0,183,1
1,275697.15,9,3,906,0
0,75641.41,27,1,1759,1
1,436819.43,17,5,1091,5
0,229377.38,34,4,971,4
0,398152.23,60,0,2386,3
0,399657.45,27,3,1677,2
0,315214.61,45,0,2363,1
0,255299.88,49,2,2543,4
1,383804.08,56,2,1466,0
0,416423.29,50,2,2232,5
0,72213.47,32,0,1887,2
1,15530.13,28,4,2323,0
0,379991.69,54,2,2982,6
0,105532.06,14,4,2093,6
1,451067.2,33,3,871,4
0,224377.8,48,2,2127,1
1,111152.28,19,3,1871,0
0,51675.08,46,0,2508,0
0,457006.44,23,1,2129,6
1,484815.69,12,4,553,3
0,177597.01,51,1,191,2
0,329328.35,11,1,378,4
1,363459.78,23,3,1921,1
1,137922.82,18,0,110,0
1,346286.19,54,5,1144,0
0,111470.28,18,2,1013,6
0,323407.04,4,4,2007,5
0,158235.36,41,1,620,6
0,274273.14,30,0,2435,5
0,239961.37,48,3,1077,6
0,206402.55,12,1,1558,0
0,421781.04,51,1,789,2
0,136182.29,57,5,2674,5
0,90333.71,7,0,2215,6
0,30550.76,13,2,1597,4
0,54112.3,25,1,235,3
0,78908.1,26,3,2874,5
0,32764.82,60,1,173,0
0,170934.48,51,1,1631,6
1,362113.64,5,4,1506,1
1,479425.91,38,0,70,2
0,240519.06,21,0,275,0
1,125480.53,22,4,80,0
0,112013.0,30,0,806,6
1,328902.51,11,1,413,0
0,272565.25,25,4,198,5
0,238943.93,5,5,1626,3
0,96890.75,2,2,1325,6
0,373023.35,51,0,2061,0
0,87756.02,52,0,1971,6
0,230120.14,20,1,1697,0
0,413401.02,49,2,1230,6
0,95915.23,10,0,2683,3
0,76315.01,12,1,2437,2
0,75248.46,47,5,99,4
0,156020.0,53,3,1973,1
1,310426.92,14,5,778,3
0,161324.1,15,1,1956,3
0,327515.11,39,2,2979,4
0,485403.11,44,1,1137,2
0,294251.33,23,0,1595,0
0,57355.5,37,5,482,2
0,292813.88,54,0,729,6
0,272543.84,26,5,1199,5
0,402155.2,57,3,1075,3
0,216840.14,57,4,2792,3
0,110877.48,25,0,69,4
0,138270.97,30,2,126,4
0,221969.39,43,4,392,4
0,288084.1,32,2,2568,6
0,69661.6,28,2,208,0
0,287783.9,47,4,855,3
0,481164.13,41,1,838,6
1,489925.47,18,4,1131,4
1,138857.41,3,4,676,0
0,289171.71,34,3,1334,2
0,97808.37,46,0,718,0
0,103654.42,47,3,2841,5
0,433778.86,23,2,36,1
0,5979.28,2,0,2276,4
0,128090.08,19,5,2955,3
1,123439.98,8,4,49,0
1,262940.68,50,4,398,0
0,63959.92,52,0,124,4
0,195319.13,49,5,2601,1
0,73737.54,32,1,1900,5
0,338260.79,50,4,1913,5
0,27141.06,1,4,1409,2
1,494551.03,6,4,1771,3
0,197311.4,3,0,124,4
0,259949.74,44,1,1050,3
1,445707.72,47,1,1855,0
0,264078.73,6,2,408,5
0,279871.5,24,5,1091,2
0,75053.2,37,2,644,0
1,319781.38,52,5,79,0
0,105709.38,49,1,1167,3
0,19835.81,21,3,2384,4
0,128939.51,38,5,1149,6
1,218811.51,10,5,249,0
1,277515.54,18,5,2983,0
0,354638.28,35,0,2850,4
0,460722.0,42,1,2132,3
0,461609.03,19,0,641,3
0,21671.94,23,4,316,3
0,345969.45,58,1,1945,1
1,320400.87,13,3,1306,1
0,175498.2,30,0,64,2
0,83937.83,7,4,601,4
1,58055.52,8,5,1744,0
1,394219.38,21,2,2342,0
1,334451.52,58,3,498,0
0,235000.89,12,1,256,2
0,207157.26,4,0,553,4
0,263573.94,30,0,151,0
0,104249.4,58,1,2355,5
0,38978.67,6,1,150,5
1,473519.43,46,2,77,3
0,220436.97,21,1,1089,2
0,364076.02,57,2,2713,1
0,489342.36,27,1,2626,2
1,413482.63,2,0,2577,0
0,122115.92,24,3,2975,5
1,482199.24,20,3,639,2
0,178112.55,27,0,2041,3
0,88693.08,21,0,2812,1
1,335748.36,12,3,1885,0
0,199032.39,27,5,1616,2
0,476588.25,55,1,1160,0
0,440263.92,57,3,2265,3
1,428848.33,18,4,1231,3
1,415785.32,43,1,2398,0
0,183994.78,3,3,475,6
0,155137.49,37,3,1264,1
0,121470.27,56,2,888,2
0,157083.09,27,5,1579,4
0,473999.77,10,0,1407,6
1,422520.93,39,5,1489,1
0,132105.07,51,1,100,3
0,401509.77,42,0,536,0
0,249063.52,13,4,2284,0
0,77642.1,16,0,2768,3
0,156827.89,22,5,2433,6
0,252719.18,56,4,762,5
0,266476.37,18,4,1749,4
0,496570.85,26,2,104,2
0,409196.54,3,1,403,1
1,158946.03,43,5,1172,0
0,127331.61,2,0,2930,3
1,158922.9,48,4,1766,0
0,250852.27,7,5,2659,6
0,195600.03,4,1,698,0
0,56992.11,29,4,2455,4
0,456647.47,4,0,396,6
0,21054.7,1,1,1249,3
0,124147.42,49,5,2063,5
0,296898.53,30,5,2302,3
1,391433.77,7,5,1619,1
0,343452.74,40,0,2986,4
0,53768.48,42,2,2635,3
0,167685.09,24,0,2605,0
0,106986.35,29,2,945,2
0,86995.99,8,0,1965,1
0,266599.84,56,3,2170,5
0,238478.56,50,3,2482,6
1,358954.14,30,0,1731,0
0,18607.74,45,4,484,6
0,237640.92,54,1,561,1
1,440162.06,38,5,1603,2
0,247752.95,8,4,840,3
1,419563.13,3,3,1747,4
0,450336.8,1,1,1204,4
1,338499.52,46,4,1530,6
0,235433.43,33,0,90,1
0,336219.19,19,1,582,1
0,482184.34,11,0,1630,4
1,395724.3,25,4,2769,6
0,277985.59,55,3,1093,3
0,14861.94,52,3,2824,5
0,37815.14,40,5,514,1
0,425603.71,59,2,2884,5
0,49274.13,4,5,502,6
1,447851.31,53,1,1620,0
0,242769.65,1,1,839,2
1,489716.44,53,5,2170,6
0,446930.08,11,2,897,5
0,311901.38,56,1,2397,1
0,273205.51,19,4,300,1
0,10058.35,59,0,1771,4
0,407953.48,21,1,221,1
0,187308.97,5,3,1980,5
1,383007.08,46,4,1619,5
0,205118.54,51,1,976,5
1,431938.37,15,2,2282,0
0,6554.43,2,0,1161,3
0,133490.45,10,3,2100,6
0,394682.81,55,0,1340,3
0,278145.72,21,5,485,1
1,386362.06,58,3,2048,2
0,71323.27,38,2,2335,3
0,53738.88,24,2,663,3
1,382401.48,52,4,1921,1
0,368504.24,2,1,1240,6
0,220390.18,48,2,1177,3
0,236939.09,3,2,294,3
0,18521.65,14,0,2078,3
0,184018.63,52,2,2701,3
0,497479.42,49,1,2000,5
0,112173.95,32,2,1287,1
0,12893.14,12,3,1244,6
0,421065.63,33,2,2920,3
0,194744.71,11,4,737,2
1,386436.02,26,5,2193,3
1,447283.96,12,4,2144,6
1,498530.69,29,3,1785,2
0,10091.37,42,3,2828,1
0,241726.22,5,5,875,2
1,364681.42,59,3,1979,3
0,182276.59,9,1,2196,3
0,418768.32,39,0,1694,5
1,399678.9,34,4,1641,4
0,92300.63,45,2,1547,6
0,133555.58,23,0,2845,4
0,387141.41,31,1,2396,3
1,478711.58,21,4,1870,3
0,389373.27,21,1,2822,5
0,208689.47,4,5,1970,4
1,441508.76,32,5,1418,2
0,83598.68,55,0,2433,5
0,124413.83,51,4,1093,1
0,241044.15,56,3,563,3
0,94229.88,46,1,748,5
0,243661.94,7,0,1933,6
1,327368.17,32,3,2515,0
0,57770.94,11,0,1236,1
0,442105.24,24,0,1213,2
0,205053.42,36,1,162,2
1,470298.49,54,3,2399,0
0,294334.5,52,1,796,0
1,374704.29,37,4,86,0
0,96270.44,26,2,2059,6
0,34972.26,35,0,322,3
0,442351.35,49,0,914,6
0,203030.75,13,3,191,2
1,470974.34,19,4,842,1
0,209568.07,30,1,1069,2
0,290898.18,55,0,1834,1
0,142925.34,29,3,1019,4
0,272265.96,37,0,1658,6
0,133754.23,11,2,2552,5
0,409723.71,36,2,475,5
0,113396.99,39,1,551,3
0,495696.71,32,1,2245,6
0,84232.33,37,0,1617,1
1,327847.61,20,4,1788,0
1,416070.36,46,3,1883,3
0,412911.09,30,1,2294,5
0,181169.37,14,4,2033,2
0,375714.69,38,2,125,3
0,255304.42,35,3,1264,6
0,212254.45,32,2,1720,6
0,88974.85,35,0,2754,5
0,284697.15,54,1,2467,0
0,97154.53,5,2,1255,6
0,311749.78,18,2,2250,4
0,294466.88,12,1,1457,1
0,107113.54,1,1,1032,2
0,25164.82,52,2,2700,6
0,175305.97,4,0,2562,5
0,494708.74,19,2,2970,5
0,116887.98,26,4,2095,6
1,405225.35,19,5,882,4
0,378751.24,16,1,694,2
0,200086.55,11,4,1777,1
0,406863.63,2,2,2341,5
0,499911.5,15,0,547,6
1,377566.0,6,1,2404,0
0,391137.49,49,4,1638,2
0,302566.02,9,0,512,1
0,483655.52,26,1,338,3
0,157950.05,24,2,685,0
0,195045.74,39,2,2655,0
0,105558.99,29,2,2578,6
1,295048.64,12,3,1858,0
0,54437.91,24,1,2989,3
0,472356.29,55,2,1969,2
1,335551.0,33,5,1662,2
0,55928.38,58,1,2902,0
0,215733.1,29,1,138,0
0,298580.29,43,5,2213,2
0,437907.16,18,0,812,1
0,36083.33,45,1,1389,2
0,162308.55,18,1,2978,6
0,54681.92,41,0,1256,1
0,261125.24,29,3,2451,3
0,134159.52,39,1,1563,5
0,430684.92,10,0,2085,4
0,355557.01,17,5,2796,2
0,396652.38,38,1,60,2
1,244135.75,3,3,2048,5
0,415609.83,13,1,990,6
1,296511.3,36,3,1481,0
0,436940.5,4,1,1423,3
0,334428.52,28,2,264,4
0,320087.21,51,2,2189,4
0,415623.45,35,1,1343,5
0,356747.72,31,1,1686,6
0,13904.78,33,2,1659,3
0,330938.76,50,1,1514,2
0,431820.45,41,2,1558,0
0,198936.11,36,1,737,1
0,9268.31,7,4,781,2
0,88161.31,57,2,1861,1
0,208538.63,38,2,768,5
0,49866.64,11,1,1036,2
0,147299.39,37,1,2463,0
1,304714.85,42,3,1645,1
0,24679.94,27,3,31,2
1,414875.46,4,4,1509,3
0,96630.22,31,2,2680,0
0,360002.34,40,0,234,5
0,289585.81,16,2,852,4
0,92930.1,11,2,1929,0
1,475070.67,15,3,53,5
1,212836.65,2,4,618,3
1,331242.54,21,3,1180,3
1,462117.09,48,3,254,3
0,435802.65,26,2,924,5
0,358047.97,23,0,90,4
0,117993.24,12,1,1141,3
0,225122.98,28,5,630,6
1,338281.85,14,1,1710,0
1,323242.49,51,4,1090,2
0,482673.81,20,1,849,5
0,197599.26,18,2,506,5
0,232584.51,30,3,2727,3
0,184196.06,27,0,1758,6
0,396069.36,39,2,767,4
1,410300.78,57,3,314,3
1,429882.26,7,4,2284,3
0,499012.68,54,3,2568,4
1,98448.89,20,5,778,0
0,147080.41,15,3,1290,2
0,43495.86,32,1,927,2
0,217058.32,22,1,2082,6
0,288436.75,29,4,74,1
1,437702.5,50,4,1544,5
0,192357.66,49,1,1742,4
0,25523.91,45,3,738,1
0,219767.35,46,2,288,5
1,489730.16,1,4,1418,1
0,437826.48,41,2,2003,5
0,91318.63,26,5,1170,1
0,391213.79,39,0,163,4
0,241093.02,5,2,2782,3
0,155838.73,55,5,2631,3
0,150332.01,30,4,2170,2
0,110077.94,4,3,1566,0
1,377458.7,54,5,1469,3
1,448568.21,55,3,568,5
1,378734.09,26,4,305,2
0,441722.68,6,4,1556,6
0,374539.68,37,0,274,1
0,240312.08,45,1,2392,6
0,10491.02,34,2,1400,0
1,326656.98,54,4,1607,0
1,488265.03,24,3,1784,0
1,450215.51,15,5,1045,3
1,457849.19,38,4,1036,1
0,201197.23,42,3,2757,1
1,409624.57,31,5,522,4
0,95603.01,12,3,1710,6
0,456056.16,42,2,362,4
1,386693.19,29,4,2680,4
0,167902.93,33,2,2799,4
0,196669.36,49,1,2375,3
0,155816.56,53,1,2882,4
1,434886.69,33,3,1667,0
0,400415.88,41,2,119,6
0,287645.84,9,0,2874,3
0,134869.06,55,4,1760,6
0,274807.2,26,5,2992,3
0,206531.81,14,1,280,6
1,204098.48,11,4,2799,0
0,99870.64,52,4,2411,1
0,420456.18,6,5,2350,6
0,465591.92,32,0,2331,1
0,352701.82,57,1,985,3
0,231482.87,59,0,2216,3
1,307319.25,11,3,2435,2
0,19952.48,46,5,2452,4
1,486375.69,6,5,1002,2
1,345108.5,41,4,2865,0
0,144727.11,50,4,2530,3
0,18258.11,25,4,765,0
1,173289.4,35,3,807,0
0,132939.46,39,4,695,2
0,282898.54,33,5,1168,5
0,406802.92,45,1,2871,5
0,235624.66,35,0,1726,3
1,430716.04,1,3,2626,3
0,333345.22,44,0,1437,5
0,292049.69,49,0,451,3
0,441829.75,38,5,2725,1
0,51111.04,1,1,1868,6
0,61646.63,4,4,669,3
0,26052.99,57,0,863,0
1,316406.42,3,4,2653,6
0,229859.49,26,1,2195,1
0,473205.24,36,1,2697,6
1,417297.17,54,4,1366,6
1,331954.12,2,3,633,4
1,331586.69,22,4,783,5
0,317516.21,6,0,1746,4
0,214376.26,38,5,490,5
0,442856.36,25,0,732,6
0,206041.53,9,0,2313,0
1,71067.1,2,1,2589,0
0,33125.2,49,1,1755,1
0,143902.46,14,2,2466,3
1,322752.89,22,4,2817,6
0,450495.18,6,1,74,5
1,406200.69,60,5,614,2
0,330526.57,24,1,1700,4
0,294855.61,60,1,942,3
0,128078.79,12,4,1120,4
0,205509.18,53,5,270,1
0,191477.65,49,3,33,1
0,124930.11,21,1,2855,2
0,179205.64,15,5,1770,2
1,378180.12,45,4,1830,6
1,390547.81,18,5,96,1
1,414399.18,18,4,2269,1
0,179377.7,46,4,1880,3
0,261296.53,18,5,1668,3
1,499536.05,9,1,1782,0
0,204599.92,30,4,2589,4
0,145433.39,5,1,1557,4
0,285639.07,32,5,743,1
1,475901.35,12,4,2178,3
0,87063.86,27,4,2569,1
0,194996.67,26,0,1888,4
0,207049.8,13,2,1574,4
0,454797.16,39,5,662,4
1,396607.14,47,4,1045,1
0,376990.34,48,3,1667,4
0,234675.7,32,3,2532,1
1,458600.44,28,0,1263,0
0,131129.44,12,0,2173,6
0,448130.34,53,1,421,2
1,303545.66,48,1,2485,0
1,495565.85,26,0,150,0
0,148348.47,4,5,2726,5
1,465323.39,10,4,2997,5
1,478509.09,20,5,2700,5
1,427189.0,56,2,2340,0
0,153756.9,2,1,2145,6
0,250374.54,10,5,2256,3
0,21420.15,40,4,1810,5
0,417247.51,25,2,684,5
0,151941.48,1,2,2573,5
0,32527.55,12,1,1409,6
0,20335.22,60,3,1777,3
0,471492.65,7,4,1099,4
0,203335.99,59,4,2263,6
0,326272.32,55,2,1677,4
1,440276.64,6,3,2728,2
1,315834.04,1,3,2551,3
0,54749.5,34,3,2372,2
0,80702.92,49,5,2659,6
0,425539.18,1,2,1045,6
0,247922.5,8,5,699,2
0,482360.75,43,1,2004,5
1,161295.53,26,0,82,0
1,247645.03,13,5,724,0
0,495336.78,23,0,954,3
1,379996.82,49,5,764,0
1,349029.85,54,4,2421,4
0,297439.22,34,3,822,1
0,24955.82,20,5,783,6
0,426633.14,20,2,1867,2
0,306422.19,50,2,2050,3
0,224746.07,35,3,557,6
0,161030.55,5,0,2863,6
0,209701.73,5,4,322,6
1,316788.09,59,5,2312,6
0,49465.07,45,1,2722,1
0,298579.3,6,2,1470,3
1,485942.26,3,4,330,4
0,256897.32,23,2,2260,5
0,365815.28,52,0,1344,6
0,133983.16,46,4,1637,5
0,128193.8,43,0,1661,0
1,411522.79,1,0,1197,0
0,126685.83,54,0,2966,2
1,446930.28,8,4,1161,0
1,304082.46,51,5,2266,1
0,45310.28,35,0,2819,1
0,194396.38,50,1,193,1
0,189014.63,53,4,2301,3
1,316029.31,45,5,116,5
0,269418.21,1,1,1634,2
0,305999.85,22,0,1595,2
0,356100.52,14,1,2988,1
0,361812.32,9,1,257,1
0,492799.55,20,2,114,4
1,450501.34,49,3,2026,0
1,361317.96,39,4,2008,0
0,88252.86,44,5,511,4
0,50864.93,54,5,2867,5
0,433498.1,6,0,847,5
0,406324.65,25,0,424,2
0,141460.14,22,4,222,2
1,401169.54,16,1,2725,0
0,299029.8,26,0,1239,3
0,77636.33,21,1,2490,3
0,240644.15,18,2,2942,2
0,242722.61,45,0,2208,5
0,459674.27,58,1,357,3
0,148191.35,48,0,2559,4
0,365951.36,37,2,1755,6
0,402933.72,27,1,1698,1
1,166724.85,49,4,1569,0
0,119884.13,1,1,1604,0
0,154097.4,9,2,2021,6
1,454071.9,1,1,1620,4
0,28967.25,60,0,1641,1
0,201132.18,16,3,64,2
